"Classification","Year","Period","Period.Desc","Aggregate.Level","Is.Leaf.Code","Trade.Flow.Code","Trade.Flow","Reporter.Code","Reporter","Partner.Code","Partner","Commodity.Code","Commodity","Netweight.kg","Trade.Value.USD","Flag"
"HS",2010,201008,"August 2010",6,1,1,"Imports",51,"Armenia",643,"Russian Federation",40510,"Dairy produce; derived from milk, butter",200,1170,0
"HS",2010,201001,"January 2010",6,1,1,"Imports",97,"EU-28",643,"Russian Federation",40510,"Dairy produce; derived from milk, butter",12,68,0
"HS",2010,201002,"February 2010",6,1,1,"Imports",97,"EU-28",643,"Russian Federation",40510,"Dairy produce; derived from milk, butter",120,502,0
"HS",2010,201007,"July 2010",6,1,1,"Imports",97,"EU-28",643,"Russian Federation",40510,"Dairy produce; derived from milk, butter",57600,302318,0
"HS",2010,201007,"July 2010",6,1,1,"Imports",246,"Finland",643,"Russian Federation",40510,"Dairy produce; derived from milk, butter",38400,201551,0
"HS",2010,201009,"September 2010",6,1,1,"Imports",268,"Georgia",643,"Russian Federation",40510,"Dairy produce; derived from milk, butter",10000,55926,0
"HS",2010,201001,"January 2010",6,1,1,"Imports",276,"Germany",643,"Russian Federation",40510,"Dairy produce; derived from milk, butter",12,68,0
"HS",2010,201002,"February 2010",6,1,1,"Imports",276,"Germany",643,"Russian Federation",40510,"Dairy produce; derived from milk, butter",120,502,0
"HS",2010,201001,"January 2010",6,1,1,"Imports",398,"Kazakhstan",643,"Russian Federation",40510,"Dairy produce; derived from milk, butter",9759,40001,0
"HS",2010,201002,"February 2010",6,1,1,"Imports",398,"Kazakhstan",643,"Russian Federation",40510,"Dairy produce; derived from milk, butter",10204,39552,0
"HS",2010,201003,"March 2010",6,1,1,"Imports",398,"Kazakhstan",643,"Russian Federation",40510,"Dairy produce; derived from milk, butter",51464,220740,0
"HS",2010,201004,"April 2010",6,1,1,"Imports",398,"Kazakhstan",643,"Russian Federation",40510,"Dairy produce; derived from milk, butter",43909,201374,0
"HS",2010,201005,"May 2010",6,1,1,"Imports",398,"Kazakhstan",643,"Russian Federation",40510,"Dairy produce; derived from milk, butter",77624,328040,0
"HS",2010,201006,"June 2010",6,1,1,"Imports",398,"Kazakhstan",643,"Russian Federation",40510,"Dairy produce; derived from milk, butter",18184,84644,0
"HS",2010,201007,"July 2010",6,1,1,"Imports",398,"Kazakhstan",643,"Russian Federation",40510,"Dairy produce; derived from milk, butter",23681,104831,0
"HS",2010,201008,"August 2010",6,1,1,"Imports",398,"Kazakhstan",643,"Russian Federation",40510,"Dairy produce; derived from milk, butter",56593,218018,0
"HS",2010,201009,"September 2010",6,1,1,"Imports",398,"Kazakhstan",643,"Russian Federation",40510,"Dairy produce; derived from milk, butter",100036,376265,0
"HS",2010,201010,"October 2010",6,1,1,"Imports",398,"Kazakhstan",643,"Russian Federation",40510,"Dairy produce; derived from milk, butter",49929,226137,0
"HS",2010,201011,"November 2010",6,1,1,"Imports",398,"Kazakhstan",643,"Russian Federation",40510,"Dairy produce; derived from milk, butter",73814,240539,0
"HS",2010,201012,"December 2010",6,1,1,"Imports",398,"Kazakhstan",643,"Russian Federation",40510,"Dairy produce; derived from milk, butter",34437,100162,0
"HS",2010,201004,"April 2010",6,1,1,"Imports",842,"United States of America",643,"Russian Federation",40510,"Dairy produce; derived from milk, butter",NA,3304,0
"HS",2010,201011,"November 2010",6,1,1,"Imports",842,"United States of America",643,"Russian Federation",40510,"Dairy produce; derived from milk, butter",NA,4467,0
"HS",2011,201110,"October 2011",6,1,1,"Imports",51,"Armenia",643,"Russian Federation",40510,"Dairy produce; derived from milk, butter",4190,23740,0
"HS",2011,201111,"November 2011",6,1,1,"Imports",51,"Armenia",643,"Russian Federation",40510,"Dairy produce; derived from milk, butter",240,1440,0
"HS",2011,201112,"December 2011",6,1,1,"Imports",51,"Armenia",643,"Russian Federation",40510,"Dairy produce; derived from milk, butter",3942,23652,0
"HS",2011,201103,"March 2011",6,1,1,"Imports",97,"EU-28",643,"Russian Federation",40510,"Dairy produce; derived from milk, butter",155,648,0
"HS",2011,201107,"July 2011",6,1,1,"Imports",97,"EU-28",643,"Russian Federation",40510,"Dairy produce; derived from milk, butter",20000,62704,0
"HS",2011,201101,"January 2011",6,1,1,"Imports",112,"Belarus",643,"Russian Federation",40510,"Dairy produce; derived from milk, butter",4540,19000,0
"HS",2011,201102,"February 2011",6,1,1,"Imports",112,"Belarus",643,"Russian Federation",40510,"Dairy produce; derived from milk, butter",2220,4500,0
"HS",2011,201103,"March 2011",6,1,1,"Imports",112,"Belarus",643,"Russian Federation",40510,"Dairy produce; derived from milk, butter",8140,17300,0
"HS",2011,201104,"April 2011",6,1,1,"Imports",112,"Belarus",643,"Russian Federation",40510,"Dairy produce; derived from milk, butter",29062,152500,0
"HS",2011,201106,"June 2011",6,1,1,"Imports",112,"Belarus",643,"Russian Federation",40510,"Dairy produce; derived from milk, butter",20740,111300,0
"HS",2011,201108,"August 2011",6,1,1,"Imports",112,"Belarus",643,"Russian Federation",40510,"Dairy produce; derived from milk, butter",20296,96600,0
"HS",2011,201109,"September 2011",6,1,1,"Imports",112,"Belarus",643,"Russian Federation",40510,"Dairy produce; derived from milk, butter",740,1500,0
"HS",2011,201110,"October 2011",6,1,1,"Imports",112,"Belarus",643,"Russian Federation",40510,"Dairy produce; derived from milk, butter",40740,221100,0
"HS",2011,201111,"November 2011",6,1,1,"Imports",112,"Belarus",643,"Russian Federation",40510,"Dairy produce; derived from milk, butter",21850,96900,0
"HS",2011,201112,"December 2011",6,1,1,"Imports",112,"Belarus",643,"Russian Federation",40510,"Dairy produce; derived from milk, butter",1581,3600,0
"HS",2011,201107,"July 2011",6,1,1,"Imports",233,"Estonia",643,"Russian Federation",40510,"Dairy produce; derived from milk, butter",20000,62762,0
"HS",2011,201110,"October 2011",6,1,1,"Imports",268,"Georgia",643,"Russian Federation",40510,"Dairy produce; derived from milk, butter",5400,23652,0
"HS",2011,201103,"March 2011",6,1,1,"Imports",276,"Germany",643,"Russian Federation",40510,"Dairy produce; derived from milk, butter",155,648,0
"HS",2011,201101,"January 2011",6,1,1,"Imports",398,"Kazakhstan",643,"Russian Federation",40510,"Dairy produce; derived from milk, butter",121883,452285,0
"HS",2011,201102,"February 2011",6,1,1,"Imports",398,"Kazakhstan",643,"Russian Federation",40510,"Dairy produce; derived from milk, butter",170674,723230,0
"HS",2011,201103,"March 2011",6,1,1,"Imports",398,"Kazakhstan",643,"Russian Federation",40510,"Dairy produce; derived from milk, butter",215673,624064,0
"HS",2011,201104,"April 2011",6,1,1,"Imports",398,"Kazakhstan",643,"Russian Federation",40510,"Dairy produce; derived from milk, butter",75219,259592,0
"HS",2011,201105,"May 2011",6,1,1,"Imports",398,"Kazakhstan",643,"Russian Federation",40510,"Dairy produce; derived from milk, butter",92004,340094,0
"HS",2011,201106,"June 2011",6,1,1,"Imports",398,"Kazakhstan",643,"Russian Federation",40510,"Dairy produce; derived from milk, butter",108578,418114,0
"HS",2011,201107,"July 2011",6,1,1,"Imports",398,"Kazakhstan",643,"Russian Federation",40510,"Dairy produce; derived from milk, butter",49000,200400,0
"HS",2011,201108,"August 2011",6,1,1,"Imports",398,"Kazakhstan",643,"Russian Federation",40510,"Dairy produce; derived from milk, butter",42100,187400,0
"HS",2011,201109,"September 2011",6,1,1,"Imports",398,"Kazakhstan",643,"Russian Federation",40510,"Dairy produce; derived from milk, butter",138200,504600,0
"HS",2011,201110,"October 2011",6,1,1,"Imports",398,"Kazakhstan",643,"Russian Federation",40510,"Dairy produce; derived from milk, butter",184700,504400,0
"HS",2011,201111,"November 2011",6,1,1,"Imports",398,"Kazakhstan",643,"Russian Federation",40510,"Dairy produce; derived from milk, butter",117100,482600,0
"HS",2011,201112,"December 2011",6,1,1,"Imports",398,"Kazakhstan",643,"Russian Federation",40510,"Dairy produce; derived from milk, butter",152500,526200,0
"HS",2011,201101,"January 2011",6,1,1,"Imports",417,"Kyrgyzstan",643,"Russian Federation",40510,"Dairy produce; derived from milk, butter",3496,17824,0
"HS",2011,201102,"February 2011",6,1,1,"Imports",417,"Kyrgyzstan",643,"Russian Federation",40510,"Dairy produce; derived from milk, butter",19600,31647,0
"HS",2011,201105,"May 2011",6,1,1,"Imports",417,"Kyrgyzstan",643,"Russian Federation",40510,"Dairy produce; derived from milk, butter",23096,49471,0
"HS",2011,201107,"July 2011",6,1,1,"Imports",417,"Kyrgyzstan",643,"Russian Federation",40510,"Dairy produce; derived from milk, butter",23096,49471,0
"HS",2011,201108,"August 2011",6,1,1,"Imports",417,"Kyrgyzstan",643,"Russian Federation",40510,"Dairy produce; derived from milk, butter",23096,49471,0
"HS",2011,201109,"September 2011",6,1,1,"Imports",417,"Kyrgyzstan",643,"Russian Federation",40510,"Dairy produce; derived from milk, butter",19600,35007,0
"HS",2011,201111,"November 2011",6,1,1,"Imports",417,"Kyrgyzstan",643,"Russian Federation",40510,"Dairy produce; derived from milk, butter",11500,19456,0
"HS",2011,201101,"January 2011",6,1,1,"Imports",842,"United States of America",643,"Russian Federation",40510,"Dairy produce; derived from milk, butter",NA,3161,0
"HS",2011,201103,"March 2011",6,1,1,"Imports",842,"United States of America",643,"Russian Federation",40510,"Dairy produce; derived from milk, butter",NA,3139,0
"HS",2012,201205,"May 2012",6,1,1,"Imports",51,"Armenia",643,"Russian Federation",40510,"Dairy produce; derived from milk, butter",25,151,0
"HS",2012,201206,"June 2012",6,1,1,"Imports",51,"Armenia",643,"Russian Federation",40510,"Dairy produce; derived from milk, butter",5945,35674,0
"HS",2012,201210,"October 2012",6,1,1,"Imports",51,"Armenia",643,"Russian Federation",40510,"Dairy produce; derived from milk, butter",35,210,0
"HS",2012,201211,"November 2012",6,1,1,"Imports",51,"Armenia",643,"Russian Federation",40510,"Dairy produce; derived from milk, butter",22,198,0
"HS",2012,201208,"August 2012",6,1,1,"Imports",97,"EU-28",643,"Russian Federation",40510,"Dairy produce; derived from milk, butter",384,2381,0
"HS",2012,201201,"January 2012",6,1,1,"Imports",112,"Belarus",643,"Russian Federation",40510,"Dairy produce; derived from milk, butter",1473,5100,0
"HS",2012,201202,"February 2012",6,1,1,"Imports",112,"Belarus",643,"Russian Federation",40510,"Dairy produce; derived from milk, butter",30751,137900,0
"HS",2012,201203,"March 2012",6,1,1,"Imports",112,"Belarus",643,"Russian Federation",40510,"Dairy produce; derived from milk, butter",2472,6900,0
"HS",2012,201204,"April 2012",6,1,1,"Imports",112,"Belarus",643,"Russian Federation",40510,"Dairy produce; derived from milk, butter",41770,161700,0
"HS",2012,201205,"May 2012",6,1,1,"Imports",112,"Belarus",643,"Russian Federation",40510,"Dairy produce; derived from milk, butter",83031,268600,0
"HS",2012,201206,"June 2012",6,1,1,"Imports",112,"Belarus",643,"Russian Federation",40510,"Dairy produce; derived from milk, butter",60211,200400,0
"HS",2012,201207,"July 2012",6,1,1,"Imports",112,"Belarus",643,"Russian Federation",40510,"Dairy produce; derived from milk, butter",64733,203500,0
"HS",2012,201208,"August 2012",6,1,1,"Imports",112,"Belarus",643,"Russian Federation",40510,"Dairy produce; derived from milk, butter",26882,85300,0
"HS",2012,201209,"September 2012",6,1,1,"Imports",112,"Belarus",643,"Russian Federation",40510,"Dairy produce; derived from milk, butter",26447,102600,0
"HS",2012,201210,"October 2012",6,1,1,"Imports",112,"Belarus",643,"Russian Federation",40510,"Dairy produce; derived from milk, butter",8234,26600,0
"HS",2012,201211,"November 2012",6,1,1,"Imports",112,"Belarus",643,"Russian Federation",40510,"Dairy produce; derived from milk, butter",22338,73400,0
"HS",2012,201212,"December 2012",6,1,1,"Imports",112,"Belarus",643,"Russian Federation",40510,"Dairy produce; derived from milk, butter",32997,129300,0
"HS",2012,201208,"August 2012",6,1,1,"Imports",233,"Estonia",643,"Russian Federation",40510,"Dairy produce; derived from milk, butter",400,2381,0
"HS",2012,201209,"September 2012",6,1,1,"Imports",268,"Georgia",643,"Russian Federation",40510,"Dairy produce; derived from milk, butter",162,941,0
"HS",2012,201210,"October 2012",6,1,1,"Imports",268,"Georgia",643,"Russian Federation",40510,"Dairy produce; derived from milk, butter",2048,11815,0
"HS",2012,201211,"November 2012",6,1,1,"Imports",268,"Georgia",643,"Russian Federation",40510,"Dairy produce; derived from milk, butter",270,1562,0
"HS",2012,201212,"December 2012",6,1,1,"Imports",268,"Georgia",643,"Russian Federation",40510,"Dairy produce; derived from milk, butter",275,1643,0
"HS",2012,201201,"January 2012",6,1,1,"Imports",398,"Kazakhstan",643,"Russian Federation",40510,"Dairy produce; derived from milk, butter",78400,238470,0
"HS",2012,201202,"February 2012",6,1,1,"Imports",398,"Kazakhstan",643,"Russian Federation",40510,"Dairy produce; derived from milk, butter",136700,461430,0
"HS",2012,201203,"March 2012",6,1,1,"Imports",398,"Kazakhstan",643,"Russian Federation",40510,"Dairy produce; derived from milk, butter",177000,550860,0
"HS",2012,201204,"April 2012",6,1,1,"Imports",398,"Kazakhstan",643,"Russian Federation",40510,"Dairy produce; derived from milk, butter",74100,277890,0
"HS",2012,201205,"May 2012",6,1,1,"Imports",398,"Kazakhstan",643,"Russian Federation",40510,"Dairy produce; derived from milk, butter",59400,191690,0
"HS",2012,201206,"June 2012",6,1,1,"Imports",398,"Kazakhstan",643,"Russian Federation",40510,"Dairy produce; derived from milk, butter",78500,207720,0
"HS",2012,201207,"July 2012",6,1,1,"Imports",398,"Kazakhstan",643,"Russian Federation",40510,"Dairy produce; derived from milk, butter",53100,171590,0
"HS",2012,201208,"August 2012",6,1,1,"Imports",398,"Kazakhstan",643,"Russian Federation",40510,"Dairy produce; derived from milk, butter",113700,346490,0
"HS",2012,201209,"September 2012",6,1,1,"Imports",398,"Kazakhstan",643,"Russian Federation",40510,"Dairy produce; derived from milk, butter",142500,417280,0
"HS",2012,201210,"October 2012",6,1,1,"Imports",398,"Kazakhstan",643,"Russian Federation",40510,"Dairy produce; derived from milk, butter",77100,361070,0
"HS",2012,201211,"November 2012",6,1,1,"Imports",398,"Kazakhstan",643,"Russian Federation",40510,"Dairy produce; derived from milk, butter",223700,673350,0
"HS",2012,201212,"December 2012",6,1,1,"Imports",398,"Kazakhstan",643,"Russian Federation",40510,"Dairy produce; derived from milk, butter",156400,615090,0
"HS",2012,201201,"January 2012",6,1,1,"Imports",417,"Kyrgyzstan",643,"Russian Federation",40510,"Dairy produce; derived from milk, butter",19600,31771,0
"HS",2012,201202,"February 2012",6,1,1,"Imports",417,"Kyrgyzstan",643,"Russian Federation",40510,"Dairy produce; derived from milk, butter",19600,31771,0
"HS",2012,201203,"March 2012",6,1,1,"Imports",417,"Kyrgyzstan",643,"Russian Federation",40510,"Dairy produce; derived from milk, butter",19600,31771,0
"HS",2012,201206,"June 2012",6,1,1,"Imports",417,"Kyrgyzstan",643,"Russian Federation",40510,"Dairy produce; derived from milk, butter",19600,31771,0
"HS",2012,201209,"September 2012",6,1,1,"Imports",417,"Kyrgyzstan",643,"Russian Federation",40510,"Dairy produce; derived from milk, butter",39200,64067,0
"HS",2012,201210,"October 2012",6,1,1,"Imports",417,"Kyrgyzstan",643,"Russian Federation",40510,"Dairy produce; derived from milk, butter",39200,64067,0
"HS",2012,201212,"December 2012",6,1,1,"Imports",417,"Kyrgyzstan",643,"Russian Federation",40510,"Dairy produce; derived from milk, butter",58800,99622,0
"HS",2012,201212,"December 2012",6,1,1,"Imports",804,"Ukraine",643,"Russian Federation",40510,"Dairy produce; derived from milk, butter",9376,60557,0
"HS",2012,201203,"March 2012",6,1,1,"Imports",842,"United States of America",643,"Russian Federation",40510,"Dairy produce; derived from milk, butter",1040,6376,0
"HS",2012,201205,"May 2012",6,1,1,"Imports",842,"United States of America",643,"Russian Federation",40510,"Dairy produce; derived from milk, butter",1740,9975,0
"HS",2012,201207,"July 2012",6,1,1,"Imports",842,"United States of America",643,"Russian Federation",40510,"Dairy produce; derived from milk, butter",320,2798,0
"HS",2013,201301,"January 2013",6,1,1,"Imports",31,"Azerbaijan",643,"Russian Federation",40510,"Dairy produce; derived from milk, butter",94000,113524,0
"HS",2013,201302,"February 2013",6,1,1,"Imports",31,"Azerbaijan",643,"Russian Federation",40510,"Dairy produce; derived from milk, butter",78000,36846,0
"HS",2013,201303,"March 2013",6,1,1,"Imports",31,"Azerbaijan",643,"Russian Federation",40510,"Dairy produce; derived from milk, butter",39000,17992,0
"HS",2013,201304,"April 2013",6,1,1,"Imports",31,"Azerbaijan",643,"Russian Federation",40510,"Dairy produce; derived from milk, butter",38998,17587,0
"HS",2013,201305,"May 2013",6,1,1,"Imports",31,"Azerbaijan",643,"Russian Federation",40510,"Dairy produce; derived from milk, butter",98500,235381,0
"HS",2013,201306,"June 2013",6,1,1,"Imports",31,"Azerbaijan",643,"Russian Federation",40510,"Dairy produce; derived from milk, butter",80000,416219,0
"HS",2013,201307,"July 2013",6,1,1,"Imports",31,"Azerbaijan",643,"Russian Federation",40510,"Dairy produce; derived from milk, butter",80000,401037,0
"HS",2013,201308,"August 2013",6,1,1,"Imports",31,"Azerbaijan",643,"Russian Federation",40510,"Dairy produce; derived from milk, butter",79000,228180,0
"HS",2013,201309,"September 2013",6,1,1,"Imports",31,"Azerbaijan",643,"Russian Federation",40510,"Dairy produce; derived from milk, butter",138497,447471,0
"HS",2013,201310,"October 2013",6,1,1,"Imports",31,"Azerbaijan",643,"Russian Federation",40510,"Dairy produce; derived from milk, butter",119000,450287,0
"HS",2013,201302,"February 2013",6,1,1,"Imports",51,"Armenia",643,"Russian Federation",40510,"Dairy produce; derived from milk, butter",50,387,0
"HS",2013,201303,"March 2013",6,1,1,"Imports",51,"Armenia",643,"Russian Federation",40510,"Dairy produce; derived from milk, butter",642,3963,0
"HS",2013,201304,"April 2013",6,1,1,"Imports",51,"Armenia",643,"Russian Federation",40510,"Dairy produce; derived from milk, butter",106,659,0
"HS",2013,201305,"May 2013",6,1,1,"Imports",51,"Armenia",643,"Russian Federation",40510,"Dairy produce; derived from milk, butter",148,1031,0
"HS",2013,201310,"October 2013",6,1,1,"Imports",51,"Armenia",643,"Russian Federation",40510,"Dairy produce; derived from milk, butter",18,127,0
"HS",2013,201311,"November 2013",6,1,1,"Imports",51,"Armenia",643,"Russian Federation",40510,"Dairy produce; derived from milk, butter",53,414,0
"HS",2013,201312,"December 2013",6,1,1,"Imports",51,"Armenia",643,"Russian Federation",40510,"Dairy produce; derived from milk, butter",35,277,0
"HS",2013,201301,"January 2013",6,1,1,"Imports",97,"EU-28",643,"Russian Federation",40510,"Dairy produce; derived from milk, butter",9,141,0
"HS",2013,201302,"February 2013",6,1,1,"Imports",97,"EU-28",643,"Russian Federation",40510,"Dairy produce; derived from milk, butter",10,73,0
"HS",2013,201310,"October 2013",6,1,1,"Imports",97,"EU-28",643,"Russian Federation",40510,"Dairy produce; derived from milk, butter",25511,142326,0
"HS",2013,201301,"January 2013",6,1,1,"Imports",112,"Belarus",643,"Russian Federation",40510,"Dairy produce; derived from milk, butter",1853,6400,0
"HS",2013,201302,"February 2013",6,1,1,"Imports",112,"Belarus",643,"Russian Federation",40510,"Dairy produce; derived from milk, butter",27384,112000,0
"HS",2013,201303,"March 2013",6,1,1,"Imports",112,"Belarus",643,"Russian Federation",40510,"Dairy produce; derived from milk, butter",28869,111900,0
"HS",2013,201304,"April 2013",6,1,1,"Imports",112,"Belarus",643,"Russian Federation",40510,"Dairy produce; derived from milk, butter",15133,65600,0
"HS",2013,201305,"May 2013",6,1,1,"Imports",112,"Belarus",643,"Russian Federation",40510,"Dairy produce; derived from milk, butter",55105,252500,0
"HS",2013,201306,"June 2013",6,1,1,"Imports",112,"Belarus",643,"Russian Federation",40510,"Dairy produce; derived from milk, butter",6186,18100,0
"HS",2013,201307,"July 2013",6,1,1,"Imports",112,"Belarus",643,"Russian Federation",40510,"Dairy produce; derived from milk, butter",44488,246000,0
"HS",2013,201308,"August 2013",6,1,1,"Imports",112,"Belarus",643,"Russian Federation",40510,"Dairy produce; derived from milk, butter",9329,24800,0
"HS",2013,201309,"September 2013",6,1,1,"Imports",112,"Belarus",643,"Russian Federation",40510,"Dairy produce; derived from milk, butter",11705,29400,0
"HS",2013,201310,"October 2013",6,1,1,"Imports",112,"Belarus",643,"Russian Federation",40510,"Dairy produce; derived from milk, butter",28151,152700,0
"HS",2013,201311,"November 2013",6,1,1,"Imports",112,"Belarus",643,"Russian Federation",40510,"Dairy produce; derived from milk, butter",20893,86400,0
"HS",2013,201312,"December 2013",6,1,1,"Imports",112,"Belarus",643,"Russian Federation",40510,"Dairy produce; derived from milk, butter",24151,110100,0
"HS",2013,201302,"February 2013",6,1,1,"Imports",268,"Georgia",643,"Russian Federation",40510,"Dairy produce; derived from milk, butter",1,6,0
"HS",2013,201303,"March 2013",6,1,1,"Imports",268,"Georgia",643,"Russian Federation",40510,"Dairy produce; derived from milk, butter",540,3114,0
"HS",2013,201305,"May 2013",6,1,1,"Imports",268,"Georgia",643,"Russian Federation",40510,"Dairy produce; derived from milk, butter",270,1610,0
"HS",2013,201307,"July 2013",6,1,1,"Imports",268,"Georgia",643,"Russian Federation",40510,"Dairy produce; derived from milk, butter",198,1874,0
"HS",2013,201308,"August 2013",6,1,1,"Imports",268,"Georgia",643,"Russian Federation",40510,"Dairy produce; derived from milk, butter",583,3727,0
"HS",2013,201309,"September 2013",6,1,1,"Imports",268,"Georgia",643,"Russian Federation",40510,"Dairy produce; derived from milk, butter",1744,10471,0
"HS",2013,201311,"November 2013",6,1,1,"Imports",268,"Georgia",643,"Russian Federation",40510,"Dairy produce; derived from milk, butter",7460,45635,0
"HS",2013,201312,"December 2013",6,1,1,"Imports",268,"Georgia",643,"Russian Federation",40510,"Dairy produce; derived from milk, butter",1,17,0
"HS",2013,201301,"January 2013",6,1,1,"Imports",276,"Germany",643,"Russian Federation",40510,"Dairy produce; derived from milk, butter",9,141,0
"HS",2013,201302,"February 2013",6,1,1,"Imports",276,"Germany",643,"Russian Federation",40510,"Dairy produce; derived from milk, butter",10,73,0
"HS",2013,201301,"January 2013",6,1,1,"Imports",398,"Kazakhstan",643,"Russian Federation",40510,"Dairy produce; derived from milk, butter",NA,559683,0
"HS",2013,201302,"February 2013",6,1,1,"Imports",398,"Kazakhstan",643,"Russian Federation",40510,"Dairy produce; derived from milk, butter",NA,394007,0
"HS",2013,201303,"March 2013",6,1,1,"Imports",398,"Kazakhstan",643,"Russian Federation",40510,"Dairy produce; derived from milk, butter",NA,439919,0
"HS",2013,201304,"April 2013",6,1,1,"Imports",398,"Kazakhstan",643,"Russian Federation",40510,"Dairy produce; derived from milk, butter",NA,245836,0
"HS",2013,201305,"May 2013",6,1,1,"Imports",398,"Kazakhstan",643,"Russian Federation",40510,"Dairy produce; derived from milk, butter",NA,575273,0
"HS",2013,201306,"June 2013",6,1,1,"Imports",398,"Kazakhstan",643,"Russian Federation",40510,"Dairy produce; derived from milk, butter",NA,337048,0
"HS",2013,201307,"July 2013",6,1,1,"Imports",398,"Kazakhstan",643,"Russian Federation",40510,"Dairy produce; derived from milk, butter",NA,186847,0
"HS",2013,201308,"August 2013",6,1,1,"Imports",398,"Kazakhstan",643,"Russian Federation",40510,"Dairy produce; derived from milk, butter",NA,346883,0
"HS",2013,201309,"September 2013",6,1,1,"Imports",398,"Kazakhstan",643,"Russian Federation",40510,"Dairy produce; derived from milk, butter",NA,286785,0
"HS",2013,201310,"October 2013",6,1,1,"Imports",398,"Kazakhstan",643,"Russian Federation",40510,"Dairy produce; derived from milk, butter",NA,371702,0
"HS",2013,201311,"November 2013",6,1,1,"Imports",398,"Kazakhstan",643,"Russian Federation",40510,"Dairy produce; derived from milk, butter",NA,374800,0
"HS",2013,201312,"December 2013",6,1,1,"Imports",398,"Kazakhstan",643,"Russian Federation",40510,"Dairy produce; derived from milk, butter",NA,1903056,0
"HS",2013,201303,"March 2013",6,1,1,"Imports",417,"Kyrgyzstan",643,"Russian Federation",40510,"Dairy produce; derived from milk, butter",19600,34922,0
"HS",2013,201304,"April 2013",6,1,1,"Imports",417,"Kyrgyzstan",643,"Russian Federation",40510,"Dairy produce; derived from milk, butter",19600,34922,0
"HS",2013,201305,"May 2013",6,1,1,"Imports",417,"Kyrgyzstan",643,"Russian Federation",40510,"Dairy produce; derived from milk, butter",19600,34922,0
"HS",2013,201306,"June 2013",6,1,1,"Imports",417,"Kyrgyzstan",643,"Russian Federation",40510,"Dairy produce; derived from milk, butter",19600,34922,0
"HS",2013,201307,"July 2013",6,1,1,"Imports",417,"Kyrgyzstan",643,"Russian Federation",40510,"Dairy produce; derived from milk, butter",19600,34922,0
"HS",2013,201309,"September 2013",6,1,1,"Imports",417,"Kyrgyzstan",643,"Russian Federation",40510,"Dairy produce; derived from milk, butter",19600,34922,0
"HS",2013,201310,"October 2013",6,1,1,"Imports",417,"Kyrgyzstan",643,"Russian Federation",40510,"Dairy produce; derived from milk, butter",19600,34922,0
"HS",2013,201311,"November 2013",6,1,1,"Imports",417,"Kyrgyzstan",643,"Russian Federation",40510,"Dairy produce; derived from milk, butter",19600,34922,0
"HS",2013,201312,"December 2013",6,1,1,"Imports",417,"Kyrgyzstan",643,"Russian Federation",40510,"Dairy produce; derived from milk, butter",19600,34922,0
"HS",2013,201310,"October 2013",6,1,1,"Imports",440,"Lithuania",643,"Russian Federation",40510,"Dairy produce; derived from milk, butter",25511,142242,0
"HS",2013,201301,"January 2013",6,1,1,"Imports",643,"Russian Federation",643,"Russian Federation",40510,"Dairy produce; derived from milk, butter",20000,89632,0
"HS",2013,201302,"February 2013",6,1,1,"Imports",643,"Russian Federation",643,"Russian Federation",40510,"Dairy produce; derived from milk, butter",80300,344190,0
"HS",2013,201303,"March 2013",6,1,1,"Imports",643,"Russian Federation",643,"Russian Federation",40510,"Dairy produce; derived from milk, butter",18920,80814,0
"HS",2013,201305,"May 2013",6,1,1,"Imports",643,"Russian Federation",643,"Russian Federation",40510,"Dairy produce; derived from milk, butter",2800,13557,0
"HS",2013,201309,"September 2013",6,1,1,"Imports",643,"Russian Federation",643,"Russian Federation",40510,"Dairy produce; derived from milk, butter",5000,28768,0
"HS",2013,201310,"October 2013",6,1,1,"Imports",643,"Russian Federation",643,"Russian Federation",40510,"Dairy produce; derived from milk, butter",40000,274875,0
"HS",2013,201311,"November 2013",6,1,1,"Imports",643,"Russian Federation",643,"Russian Federation",40510,"Dairy produce; derived from milk, butter",60000,399016,0
"HS",2013,201312,"December 2013",6,1,1,"Imports",643,"Russian Federation",643,"Russian Federation",40510,"Dairy produce; derived from milk, butter",3176,21259,0
"HS",2013,201301,"January 2013",6,1,1,"Imports",804,"Ukraine",643,"Russian Federation",40510,"Dairy produce; derived from milk, butter",7040,44497,0
"HS",2014,201411,"November 2014",6,1,1,"Imports",51,"Armenia",643,"Russian Federation",40510,"Dairy produce; derived from milk, butter",189,1135,0
"HS",2014,201401,"January 2014",6,1,1,"Imports",97,"EU-28",643,"Russian Federation",40510,"Dairy produce; derived from milk, butter",13,93,0
"HS",2014,201408,"August 2014",6,1,1,"Imports",97,"EU-28",643,"Russian Federation",40510,"Dairy produce; derived from milk, butter",210,1438,0
"HS",2014,201401,"January 2014",6,1,1,"Imports",112,"Belarus",643,"Russian Federation",40510,"Dairy produce; derived from milk, butter",31229,160000,0
"HS",2014,201402,"February 2014",6,1,1,"Imports",112,"Belarus",643,"Russian Federation",40510,"Dairy produce; derived from milk, butter",17293,51600,0
"HS",2014,201403,"March 2014",6,1,1,"Imports",112,"Belarus",643,"Russian Federation",40510,"Dairy produce; derived from milk, butter",46222,253300,0
"HS",2014,201404,"April 2014",6,1,1,"Imports",112,"Belarus",643,"Russian Federation",40510,"Dairy produce; derived from milk, butter",50453,250600,0
"HS",2014,201405,"May 2014",6,1,1,"Imports",112,"Belarus",643,"Russian Federation",40510,"Dairy produce; derived from milk, butter",45177,216400,0
"HS",2014,201406,"June 2014",6,1,1,"Imports",112,"Belarus",643,"Russian Federation",40510,"Dairy produce; derived from milk, butter",27841,142100,0
"HS",2014,201407,"July 2014",6,1,1,"Imports",112,"Belarus",643,"Russian Federation",40510,"Dairy produce; derived from milk, butter",10902,35900,0
"HS",2014,201408,"August 2014",6,1,1,"Imports",112,"Belarus",643,"Russian Federation",40510,"Dairy produce; derived from milk, butter",54461,228500,0
"HS",2014,201409,"September 2014",6,1,1,"Imports",112,"Belarus",643,"Russian Federation",40510,"Dairy produce; derived from milk, butter",57720,233200,0
"HS",2014,201410,"October 2014",6,1,1,"Imports",112,"Belarus",643,"Russian Federation",40510,"Dairy produce; derived from milk, butter",8291,16300,0
"HS",2014,201411,"November 2014",6,1,1,"Imports",112,"Belarus",643,"Russian Federation",40510,"Dairy produce; derived from milk, butter",87287,340900,0
"HS",2014,201412,"December 2014",6,1,1,"Imports",112,"Belarus",643,"Russian Federation",40510,"Dairy produce; derived from milk, butter",56510,133600,0
"HS",2014,201401,"January 2014",6,1,1,"Imports",268,"Georgia",643,"Russian Federation",40510,"Dairy produce; derived from milk, butter",594,3940,0
"HS",2014,201403,"March 2014",6,1,1,"Imports",268,"Georgia",643,"Russian Federation",40510,"Dairy produce; derived from milk, butter",486,3104,0
"HS",2014,201405,"May 2014",6,1,1,"Imports",268,"Georgia",643,"Russian Federation",40510,"Dairy produce; derived from milk, butter",702,4686,0
"HS",2014,201407,"July 2014",6,1,1,"Imports",268,"Georgia",643,"Russian Federation",40510,"Dairy produce; derived from milk, butter",162,1057,0
"HS",2014,201410,"October 2014",6,1,1,"Imports",268,"Georgia",643,"Russian Federation",40510,"Dairy produce; derived from milk, butter",686,4035,0
"HS",2014,201411,"November 2014",6,1,1,"Imports",268,"Georgia",643,"Russian Federation",40510,"Dairy produce; derived from milk, butter",837,4527,0
"HS",2014,201401,"January 2014",6,1,1,"Imports",276,"Germany",643,"Russian Federation",40510,"Dairy produce; derived from milk, butter",13,93,0
"HS",2014,201401,"January 2014",6,1,1,"Imports",398,"Kazakhstan",643,"Russian Federation",40510,"Dairy produce; derived from milk, butter",248544,1453732,0
"HS",2014,201402,"February 2014",6,1,1,"Imports",398,"Kazakhstan",643,"Russian Federation",40510,"Dairy produce; derived from milk, butter",164211,508961,0
"HS",2014,201403,"March 2014",6,1,1,"Imports",398,"Kazakhstan",643,"Russian Federation",40510,"Dairy produce; derived from milk, butter",98072,387603,0
"HS",2014,201404,"April 2014",6,1,1,"Imports",398,"Kazakhstan",643,"Russian Federation",40510,"Dairy produce; derived from milk, butter",122458,444812,0
"HS",2014,201405,"May 2014",6,1,1,"Imports",398,"Kazakhstan",643,"Russian Federation",40510,"Dairy produce; derived from milk, butter",180192,844024,0
"HS",2014,201406,"June 2014",6,1,1,"Imports",398,"Kazakhstan",643,"Russian Federation",40510,"Dairy produce; derived from milk, butter",84692,273070,0
"HS",2014,201407,"July 2014",6,1,1,"Imports",398,"Kazakhstan",643,"Russian Federation",40510,"Dairy produce; derived from milk, butter",28475,140355,0
"HS",2014,201408,"August 2014",6,1,1,"Imports",398,"Kazakhstan",643,"Russian Federation",40510,"Dairy produce; derived from milk, butter",62685,245786,0
"HS",2014,201409,"September 2014",6,1,1,"Imports",398,"Kazakhstan",643,"Russian Federation",40510,"Dairy produce; derived from milk, butter",68598,250952,0
"HS",2014,201410,"October 2014",6,1,1,"Imports",398,"Kazakhstan",643,"Russian Federation",40510,"Dairy produce; derived from milk, butter",52547,145334,0
"HS",2014,201411,"November 2014",6,1,1,"Imports",398,"Kazakhstan",643,"Russian Federation",40510,"Dairy produce; derived from milk, butter",53800,210988,0
"HS",2014,201412,"December 2014",6,1,1,"Imports",398,"Kazakhstan",643,"Russian Federation",40510,"Dairy produce; derived from milk, butter",97643,339950,0
"HS",2014,201408,"August 2014",6,1,1,"Imports",428,"Latvia",643,"Russian Federation",40510,"Dairy produce; derived from milk, butter",210,1438,0
"HS",2014,201403,"March 2014",6,1,1,"Imports",804,"Ukraine",643,"Russian Federation",40510,"Dairy produce; derived from milk, butter",28304,124480,0
"HS",2014,201404,"April 2014",6,1,1,"Imports",804,"Ukraine",643,"Russian Federation",40510,"Dairy produce; derived from milk, butter",50048,266453,0
"HS",2015,201502,"February 2015",6,1,1,"Imports",51,"Armenia",643,"Russian Federation",40510,"Dairy produce; derived from milk, butter",266,1616,0
"HS",2015,201503,"March 2015",6,1,1,"Imports",51,"Armenia",643,"Russian Federation",40510,"Dairy produce; derived from milk, butter",5504,21015,0
"HS",2015,201511,"November 2015",6,1,1,"Imports",51,"Armenia",643,"Russian Federation",40510,"Dairy produce; derived from milk, butter",518,2635,0
"HS",2015,201512,"December 2015",6,1,1,"Imports",51,"Armenia",643,"Russian Federation",40510,"Dairy produce; derived from milk, butter",1648,7272,0
"HS",2015,201501,"January 2015",6,1,1,"Imports",112,"Belarus",643,"Russian Federation",40510,"Dairy produce; derived from milk, butter",40907,70400,0
"HS",2015,201502,"February 2015",6,1,1,"Imports",112,"Belarus",643,"Russian Federation",40510,"Dairy produce; derived from milk, butter",23260,55600,0
"HS",2015,201503,"March 2015",6,1,1,"Imports",112,"Belarus",643,"Russian Federation",40510,"Dairy produce; derived from milk, butter",29408,67700,0
"HS",2015,201504,"April 2015",6,1,1,"Imports",112,"Belarus",643,"Russian Federation",40510,"Dairy produce; derived from milk, butter",4515,8500,0
"HS",2015,201505,"May 2015",6,1,1,"Imports",112,"Belarus",643,"Russian Federation",40510,"Dairy produce; derived from milk, butter",2615,4900,0
"HS",2015,201506,"June 2015",6,1,1,"Imports",112,"Belarus",643,"Russian Federation",40510,"Dairy produce; derived from milk, butter",4551,8200,0
"HS",2015,201507,"July 2015",6,1,1,"Imports",112,"Belarus",643,"Russian Federation",40510,"Dairy produce; derived from milk, butter",24473,58300,0
"HS",2015,201508,"August 2015",6,1,1,"Imports",112,"Belarus",643,"Russian Federation",40510,"Dairy produce; derived from milk, butter",24530,55200,0
"HS",2015,201509,"September 2015",6,1,1,"Imports",112,"Belarus",643,"Russian Federation",40510,"Dairy produce; derived from milk, butter",9760,30000,0
"HS",2015,201510,"October 2015",6,1,1,"Imports",112,"Belarus",643,"Russian Federation",40510,"Dairy produce; derived from milk, butter",21030,77900,0
"HS",2015,201511,"November 2015",6,1,1,"Imports",112,"Belarus",643,"Russian Federation",40510,"Dairy produce; derived from milk, butter",40957,166400,0
"HS",2015,201512,"December 2015",6,1,1,"Imports",112,"Belarus",643,"Russian Federation",40510,"Dairy produce; derived from milk, butter",147478,520300,0
"HS",2015,201501,"January 2015",6,1,1,"Imports",268,"Georgia",643,"Russian Federation",40510,"Dairy produce; derived from milk, butter",794,3895,0
"HS",2015,201503,"March 2015",6,1,1,"Imports",268,"Georgia",643,"Russian Federation",40510,"Dairy produce; derived from milk, butter",1000,5120,0
"HS",2015,201504,"April 2015",6,1,1,"Imports",268,"Georgia",643,"Russian Federation",40510,"Dairy produce; derived from milk, butter",432,2233,0
"HS",2015,201506,"June 2015",6,1,1,"Imports",268,"Georgia",643,"Russian Federation",40510,"Dairy produce; derived from milk, butter",594,2511,0
"HS",2015,201512,"December 2015",6,1,1,"Imports",268,"Georgia",643,"Russian Federation",40510,"Dairy produce; derived from milk, butter",1891,7508,0
"HS",2015,201501,"January 2015",6,1,1,"Imports",398,"Kazakhstan",643,"Russian Federation",40510,"Dairy produce; derived from milk, butter",73449,155305,0
"HS",2015,201502,"February 2015",6,1,1,"Imports",398,"Kazakhstan",643,"Russian Federation",40510,"Dairy produce; derived from milk, butter",89326,251578,0
"HS",2015,201503,"March 2015",6,1,1,"Imports",398,"Kazakhstan",643,"Russian Federation",40510,"Dairy produce; derived from milk, butter",80228,215003,0
"HS",2015,201504,"April 2015",6,1,1,"Imports",398,"Kazakhstan",643,"Russian Federation",40510,"Dairy produce; derived from milk, butter",112751,355875,0
"HS",2015,201505,"May 2015",6,1,1,"Imports",398,"Kazakhstan",643,"Russian Federation",40510,"Dairy produce; derived from milk, butter",53043,204770,0
"HS",2015,201506,"June 2015",6,1,1,"Imports",398,"Kazakhstan",643,"Russian Federation",40510,"Dairy produce; derived from milk, butter",110501,294017,0
"HS",2015,201507,"July 2015",6,1,1,"Imports",398,"Kazakhstan",643,"Russian Federation",40510,"Dairy produce; derived from milk, butter",74368,170584,0
"HS",2015,201508,"August 2015",6,1,1,"Imports",398,"Kazakhstan",643,"Russian Federation",40510,"Dairy produce; derived from milk, butter",130694,326703,0
"HS",2015,201509,"September 2015",6,1,1,"Imports",398,"Kazakhstan",643,"Russian Federation",40510,"Dairy produce; derived from milk, butter",74423,229801,0
"HS",2015,201510,"October 2015",6,1,1,"Imports",398,"Kazakhstan",643,"Russian Federation",40510,"Dairy produce; derived from milk, butter",52535,162432,0
"HS",2015,201511,"November 2015",6,1,1,"Imports",398,"Kazakhstan",643,"Russian Federation",40510,"Dairy produce; derived from milk, butter",117459,267578,0
"HS",2015,201512,"December 2015",6,1,1,"Imports",398,"Kazakhstan",643,"Russian Federation",40510,"Dairy produce; derived from milk, butter",103746,237301,0
"HS",2015,201507,"July 2015",6,1,1,"Imports",528,"Netherlands",643,"Russian Federation",40510,"Dairy produce; derived from milk, butter",43,183,0
"HS",2016,201602,"February 2016",6,1,1,"Imports",31,"Azerbaijan",643,"Russian Federation",40510,"Dairy produce; derived from milk, butter",108,1511,0
"HS",2016,201603,"March 2016",6,1,1,"Imports",31,"Azerbaijan",643,"Russian Federation",40510,"Dairy produce; derived from milk, butter",130,1608,0
"HS",2016,201604,"April 2016",6,1,1,"Imports",31,"Azerbaijan",643,"Russian Federation",40510,"Dairy produce; derived from milk, butter",130,146270,0
"HS",2016,201605,"May 2016",6,1,1,"Imports",31,"Azerbaijan",643,"Russian Federation",40510,"Dairy produce; derived from milk, butter",648,48395,0
"HS",2016,201607,"July 2016",6,1,1,"Imports",31,"Azerbaijan",643,"Russian Federation",40510,"Dairy produce; derived from milk, butter",194,3237,0
"HS",2016,201608,"August 2016",6,1,1,"Imports",31,"Azerbaijan",643,"Russian Federation",40510,"Dairy produce; derived from milk, butter",324,5587,0
"HS",2016,201609,"September 2016",6,1,1,"Imports",31,"Azerbaijan",643,"Russian Federation",40510,"Dairy produce; derived from milk, butter",179,3074,0
"HS",2016,201610,"October 2016",6,1,1,"Imports",31,"Azerbaijan",643,"Russian Federation",40510,"Dairy produce; derived from milk, butter",2,7475,0
"HS",2016,201611,"November 2016",6,1,1,"Imports",31,"Azerbaijan",643,"Russian Federation",40510,"Dairy produce; derived from milk, butter",1,3632,0
"HS",2016,201612,"December 2016",6,1,1,"Imports",31,"Azerbaijan",643,"Russian Federation",40510,"Dairy produce; derived from milk, butter",130,27934,0
"HS",2016,201602,"February 2016",6,1,1,"Imports",51,"Armenia",643,"Russian Federation",40510,"Dairy produce; derived from milk, butter",32330,58231,0
"HS",2016,201603,"March 2016",6,1,1,"Imports",51,"Armenia",643,"Russian Federation",40510,"Dairy produce; derived from milk, butter",27608,79557,0
"HS",2016,201604,"April 2016",6,1,1,"Imports",51,"Armenia",643,"Russian Federation",40510,"Dairy produce; derived from milk, butter",3364,4650,0
"HS",2016,201605,"May 2016",6,1,1,"Imports",51,"Armenia",643,"Russian Federation",40510,"Dairy produce; derived from milk, butter",3809,7187,0
"HS",2016,201606,"June 2016",6,1,1,"Imports",51,"Armenia",643,"Russian Federation",40510,"Dairy produce; derived from milk, butter",1938,2329,0
"HS",2016,201607,"July 2016",6,1,1,"Imports",51,"Armenia",643,"Russian Federation",40510,"Dairy produce; derived from milk, butter",4354,5430,0
"HS",2016,201608,"August 2016",6,1,1,"Imports",51,"Armenia",643,"Russian Federation",40510,"Dairy produce; derived from milk, butter",3100,3871,0
"HS",2016,201609,"September 2016",6,1,1,"Imports",51,"Armenia",643,"Russian Federation",40510,"Dairy produce; derived from milk, butter",2276,3946,0
"HS",2016,201610,"October 2016",6,1,1,"Imports",51,"Armenia",643,"Russian Federation",40510,"Dairy produce; derived from milk, butter",6131,7072,0
"HS",2016,201611,"November 2016",6,1,1,"Imports",51,"Armenia",643,"Russian Federation",40510,"Dairy produce; derived from milk, butter",2972,5081,0
"HS",2016,201612,"December 2016",6,1,1,"Imports",51,"Armenia",643,"Russian Federation",40510,"Dairy produce; derived from milk, butter",7720,10085,0
"HS",2016,201601,"January 2016",6,1,1,"Imports",112,"Belarus",643,"Russian Federation",40510,"Dairy produce; derived from milk, butter",39543,114100,0
"HS",2016,201602,"February 2016",6,1,1,"Imports",112,"Belarus",643,"Russian Federation",40510,"Dairy produce; derived from milk, butter",23067,61100,0
"HS",2016,201603,"March 2016",6,1,1,"Imports",112,"Belarus",643,"Russian Federation",40510,"Dairy produce; derived from milk, butter",275,600,0
"HS",2016,201604,"April 2016",6,1,1,"Imports",112,"Belarus",643,"Russian Federation",40510,"Dairy produce; derived from milk, butter",24442,77400,0
"HS",2016,201605,"May 2016",6,1,1,"Imports",112,"Belarus",643,"Russian Federation",40510,"Dairy produce; derived from milk, butter",15604,45900,0
"HS",2016,201606,"June 2016",6,1,1,"Imports",112,"Belarus",643,"Russian Federation",40510,"Dairy produce; derived from milk, butter",20272,71500,0
"HS",2016,201607,"July 2016",6,1,1,"Imports",112,"Belarus",643,"Russian Federation",40510,"Dairy produce; derived from milk, butter",20100,78300,0
"HS",2016,201608,"August 2016",6,1,1,"Imports",112,"Belarus",643,"Russian Federation",40510,"Dairy produce; derived from milk, butter",220,900,0
"HS",2016,201609,"September 2016",6,1,1,"Imports",112,"Belarus",643,"Russian Federation",40510,"Dairy produce; derived from milk, butter",284,700,0
"HS",2016,201610,"October 2016",6,1,1,"Imports",112,"Belarus",643,"Russian Federation",40510,"Dairy produce; derived from milk, butter",216,900,0
"HS",2016,201611,"November 2016",6,1,1,"Imports",112,"Belarus",643,"Russian Federation",40510,"Dairy produce; derived from milk, butter",2463,9500,0
"HS",2016,201612,"December 2016",6,1,1,"Imports",112,"Belarus",643,"Russian Federation",40510,"Dairy produce; derived from milk, butter",10667,45500,0
"HS",2016,201603,"March 2016",6,1,1,"Imports",268,"Georgia",643,"Russian Federation",40510,"Dairy produce; derived from milk, butter",48,188,0
"HS",2016,201605,"May 2016",6,1,1,"Imports",268,"Georgia",643,"Russian Federation",40510,"Dairy produce; derived from milk, butter",955,4207,0
"HS",2016,201601,"January 2016",6,1,1,"Imports",398,"Kazakhstan",643,"Russian Federation",40510,"Dairy produce; derived from milk, butter",82983,210889,0
"HS",2016,201602,"February 2016",6,1,1,"Imports",398,"Kazakhstan",643,"Russian Federation",40510,"Dairy produce; derived from milk, butter",129384,263467,0
"HS",2016,201603,"March 2016",6,1,1,"Imports",398,"Kazakhstan",643,"Russian Federation",40510,"Dairy produce; derived from milk, butter",92940,183305,0
"HS",2016,201604,"April 2016",6,1,1,"Imports",398,"Kazakhstan",643,"Russian Federation",40510,"Dairy produce; derived from milk, butter",77354,175038,0
"HS",2016,201605,"May 2016",6,1,1,"Imports",398,"Kazakhstan",643,"Russian Federation",40510,"Dairy produce; derived from milk, butter",55321,181004,0
"HS",2016,201606,"June 2016",6,1,1,"Imports",398,"Kazakhstan",643,"Russian Federation",40510,"Dairy produce; derived from milk, butter",129364,259989,0
"HS",2016,201607,"July 2016",6,1,1,"Imports",398,"Kazakhstan",643,"Russian Federation",40510,"Dairy produce; derived from milk, butter",42985,134403,0
"HS",2016,201608,"August 2016",6,1,1,"Imports",398,"Kazakhstan",643,"Russian Federation",40510,"Dairy produce; derived from milk, butter",63950,155935,0
"HS",2016,201609,"September 2016",6,1,1,"Imports",398,"Kazakhstan",643,"Russian Federation",40510,"Dairy produce; derived from milk, butter",62266,191906,0
"HS",2016,201610,"October 2016",6,1,1,"Imports",398,"Kazakhstan",643,"Russian Federation",40510,"Dairy produce; derived from milk, butter",91043,302482,0
"HS",2016,201611,"November 2016",6,1,1,"Imports",398,"Kazakhstan",643,"Russian Federation",40510,"Dairy produce; derived from milk, butter",72566,222172,0
"HS",2016,201612,"December 2016",6,1,1,"Imports",398,"Kazakhstan",643,"Russian Federation",40510,"Dairy produce; derived from milk, butter",100585,296548,0
"HS",2016,201601,"January 2016",6,1,1,"Imports",417,"Kyrgyzstan",643,"Russian Federation",40510,"Dairy produce; derived from milk, butter",20000,53704,0
"HS",2016,201602,"February 2016",6,1,1,"Imports",417,"Kyrgyzstan",643,"Russian Federation",40510,"Dairy produce; derived from milk, butter",120000,311312,0
"HS",2016,201603,"March 2016",6,1,1,"Imports",417,"Kyrgyzstan",643,"Russian Federation",40510,"Dairy produce; derived from milk, butter",60000,178867,0
"HS",2016,201604,"April 2016",6,1,1,"Imports",496,"Mongolia",643,"Russian Federation",40510,"Dairy produce; derived from milk, butter",8578,15299,0
"HS",2016,201605,"May 2016",6,1,1,"Imports",496,"Mongolia",643,"Russian Federation",40510,"Dairy produce; derived from milk, butter",39,222,0
"HS",2016,201606,"June 2016",6,1,1,"Imports",496,"Mongolia",643,"Russian Federation",40510,"Dairy produce; derived from milk, butter",7806,15909,0
"HS",2016,201607,"July 2016",6,1,1,"Imports",496,"Mongolia",643,"Russian Federation",40510,"Dairy produce; derived from milk, butter",35,211,0
"HS",2016,201608,"August 2016",6,1,1,"Imports",496,"Mongolia",643,"Russian Federation",40510,"Dairy produce; derived from milk, butter",4,20,0
"HS",2016,201609,"September 2016",6,1,1,"Imports",496,"Mongolia",643,"Russian Federation",40510,"Dairy produce; derived from milk, butter",7559,13711,0
"HS",2016,201610,"October 2016",6,1,1,"Imports",496,"Mongolia",643,"Russian Federation",40510,"Dairy produce; derived from milk, butter",272,831,0
"HS",2016,201611,"November 2016",6,1,1,"Imports",496,"Mongolia",643,"Russian Federation",40510,"Dairy produce; derived from milk, butter",24,134,0
"HS",2016,201612,"December 2016",6,1,1,"Imports",496,"Mongolia",643,"Russian Federation",40510,"Dairy produce; derived from milk, butter",7183,13578,0
"HS",2016,201603,"March 2016",6,1,1,"Imports",554,"New Zealand",643,"Russian Federation",40510,"Dairy produce; derived from milk, butter",484178,1448133,0
"HS",2016,201607,"July 2016",6,1,1,"Imports",554,"New Zealand",643,"Russian Federation",40510,"Dairy produce; derived from milk, butter",44,680,0
"HS",2016,201607,"July 2016",6,1,1,"Imports",842,"United States of America",643,"Russian Federation",40510,"Dairy produce; derived from milk, butter",1080,7480,0
"HS",2017,201701,"January 2017",6,1,1,"Imports",31,"Azerbaijan",643,"Russian Federation",40510,"Dairy produce; derived from milk, butter",140,27363,0
"HS",2017,201702,"February 2017",6,1,1,"Imports",31,"Azerbaijan",643,"Russian Federation",40510,"Dairy produce; derived from milk, butter",1,30373,0
"HS",2017,201703,"March 2017",6,1,1,"Imports",31,"Azerbaijan",643,"Russian Federation",40510,"Dairy produce; derived from milk, butter",1,56976,0
"HS",2017,201704,"April 2017",6,1,1,"Imports",31,"Azerbaijan",643,"Russian Federation",40510,"Dairy produce; derived from milk, butter",216,4578,0
"HS",2017,201705,"May 2017",6,1,1,"Imports",31,"Azerbaijan",643,"Russian Federation",40510,"Dairy produce; derived from milk, butter",130,3783,0
"HS",2017,201706,"June 2017",6,1,1,"Imports",31,"Azerbaijan",643,"Russian Federation",40510,"Dairy produce; derived from milk, butter",86,3066,0
"HS",2017,201707,"July 2017",6,1,1,"Imports",31,"Azerbaijan",643,"Russian Federation",40510,"Dairy produce; derived from milk, butter",97,6209,0
"HS",2017,201708,"August 2017",6,1,1,"Imports",31,"Azerbaijan",643,"Russian Federation",40510,"Dairy produce; derived from milk, butter",108,6791,0
"HS",2017,201709,"September 2017",6,1,1,"Imports",31,"Azerbaijan",643,"Russian Federation",40510,"Dairy produce; derived from milk, butter",89,959,0
"HS",2017,201710,"October 2017",6,1,1,"Imports",31,"Azerbaijan",643,"Russian Federation",40510,"Dairy produce; derived from milk, butter",67,1171,0
"HS",2017,201711,"November 2017",6,1,1,"Imports",31,"Azerbaijan",643,"Russian Federation",40510,"Dairy produce; derived from milk, butter",54,28992,0
"HS",2017,201712,"December 2017",6,1,1,"Imports",31,"Azerbaijan",643,"Russian Federation",40510,"Dairy produce; derived from milk, butter",56,9200,0
"HS",2017,201702,"February 2017",6,1,1,"Imports",51,"Armenia",643,"Russian Federation",40510,"Dairy produce; derived from milk, butter",4650,10665,0
"HS",2017,201703,"March 2017",6,1,1,"Imports",51,"Armenia",643,"Russian Federation",40510,"Dairy produce; derived from milk, butter",3364,6210,0
"HS",2017,201704,"April 2017",6,1,1,"Imports",51,"Armenia",643,"Russian Federation",40510,"Dairy produce; derived from milk, butter",12849,21052,0
"HS",2017,201705,"May 2017",6,1,1,"Imports",51,"Armenia",643,"Russian Federation",40510,"Dairy produce; derived from milk, butter",4575,8489,0
"HS",2017,201706,"June 2017",6,1,1,"Imports",51,"Armenia",643,"Russian Federation",40510,"Dairy produce; derived from milk, butter",3011,5955,0
"HS",2017,201707,"July 2017",6,1,1,"Imports",51,"Armenia",643,"Russian Federation",40510,"Dairy produce; derived from milk, butter",6625,12453,0
"HS",2017,201708,"August 2017",6,1,1,"Imports",51,"Armenia",643,"Russian Federation",40510,"Dairy produce; derived from milk, butter",3029,5022,0
"HS",2017,201709,"September 2017",6,1,1,"Imports",51,"Armenia",643,"Russian Federation",40510,"Dairy produce; derived from milk, butter",11444,22032,0
"HS",2017,201710,"October 2017",6,1,1,"Imports",51,"Armenia",643,"Russian Federation",40510,"Dairy produce; derived from milk, butter",8757,27151,0
"HS",2017,201711,"November 2017",6,1,1,"Imports",51,"Armenia",643,"Russian Federation",40510,"Dairy produce; derived from milk, butter",15831,33411,0
"HS",2017,201712,"December 2017",6,1,1,"Imports",51,"Armenia",643,"Russian Federation",40510,"Dairy produce; derived from milk, butter",30725,74608,0
"HS",2017,201701,"January 2017",6,1,1,"Imports",112,"Belarus",643,"Russian Federation",40510,"Dairy produce; derived from milk, butter",6899,29000,0
"HS",2017,201702,"February 2017",6,1,1,"Imports",112,"Belarus",643,"Russian Federation",40510,"Dairy produce; derived from milk, butter",955,3000,0
"HS",2017,201703,"March 2017",6,1,1,"Imports",112,"Belarus",643,"Russian Federation",40510,"Dairy produce; derived from milk, butter",5459,22100,0
"HS",2017,201704,"April 2017",6,1,1,"Imports",112,"Belarus",643,"Russian Federation",40510,"Dairy produce; derived from milk, butter",319,900,0
"HS",2017,201705,"May 2017",6,1,1,"Imports",112,"Belarus",643,"Russian Federation",40510,"Dairy produce; derived from milk, butter",45305,229400,0
"HS",2017,201706,"June 2017",6,1,1,"Imports",112,"Belarus",643,"Russian Federation",40510,"Dairy produce; derived from milk, butter",5924,24000,0
"HS",2017,201707,"July 2017",6,1,1,"Imports",112,"Belarus",643,"Russian Federation",40510,"Dairy produce; derived from milk, butter",5178,20000,0
"HS",2017,201708,"August 2017",6,1,1,"Imports",112,"Belarus",643,"Russian Federation",40510,"Dairy produce; derived from milk, butter",3434,14400,0
"HS",2017,201709,"September 2017",6,1,1,"Imports",112,"Belarus",643,"Russian Federation",40510,"Dairy produce; derived from milk, butter",22963,123400,0
"HS",2017,201710,"October 2017",6,1,1,"Imports",112,"Belarus",643,"Russian Federation",40510,"Dairy produce; derived from milk, butter",276,1400,0
"HS",2017,201711,"November 2017",6,1,1,"Imports",112,"Belarus",643,"Russian Federation",40510,"Dairy produce; derived from milk, butter",485,1600,0
"HS",2017,201712,"December 2017",6,1,1,"Imports",112,"Belarus",643,"Russian Federation",40510,"Dairy produce; derived from milk, butter",12206,51100,0
"HS",2017,201709,"September 2017",6,1,1,"Imports",268,"Georgia",643,"Russian Federation",40510,"Dairy produce; derived from milk, butter",4,33,0
"HS",2017,201710,"October 2017",6,1,1,"Imports",268,"Georgia",643,"Russian Federation",40510,"Dairy produce; derived from milk, butter",512,3852,0
"HS",2017,201711,"November 2017",6,1,1,"Imports",268,"Georgia",643,"Russian Federation",40510,"Dairy produce; derived from milk, butter",1058,8153,0
"HS",2017,201712,"December 2017",6,1,1,"Imports",268,"Georgia",643,"Russian Federation",40510,"Dairy produce; derived from milk, butter",292,2274,0
"HS",2017,201701,"January 2017",6,1,1,"Imports",398,"Kazakhstan",643,"Russian Federation",40510,"Dairy produce; derived from milk, butter",89281,288029,0
"HS",2017,201702,"February 2017",6,1,1,"Imports",398,"Kazakhstan",643,"Russian Federation",40510,"Dairy produce; derived from milk, butter",48036,162120,0
"HS",2017,201703,"March 2017",6,1,1,"Imports",398,"Kazakhstan",643,"Russian Federation",40510,"Dairy produce; derived from milk, butter",76955,172085,0
"HS",2017,201704,"April 2017",6,1,1,"Imports",398,"Kazakhstan",643,"Russian Federation",40510,"Dairy produce; derived from milk, butter",71850,412771,0
"HS",2017,201705,"May 2017",6,1,1,"Imports",398,"Kazakhstan",643,"Russian Federation",40510,"Dairy produce; derived from milk, butter",46762,154002,0
"HS",2017,201706,"June 2017",6,1,1,"Imports",398,"Kazakhstan",643,"Russian Federation",40510,"Dairy produce; derived from milk, butter",102390,365952,0
"HS",2017,201707,"July 2017",6,1,1,"Imports",398,"Kazakhstan",643,"Russian Federation",40510,"Dairy produce; derived from milk, butter",71588,185458,0
"HS",2017,201708,"August 2017",6,1,1,"Imports",398,"Kazakhstan",643,"Russian Federation",40510,"Dairy produce; derived from milk, butter",53172,178032,0
"HS",2017,201709,"September 2017",6,1,1,"Imports",398,"Kazakhstan",643,"Russian Federation",40510,"Dairy produce; derived from milk, butter",45714,194802,0
"HS",2017,201710,"October 2017",6,1,1,"Imports",398,"Kazakhstan",643,"Russian Federation",40510,"Dairy produce; derived from milk, butter",85773,317800,0
"HS",2017,201711,"November 2017",6,1,1,"Imports",398,"Kazakhstan",643,"Russian Federation",40510,"Dairy produce; derived from milk, butter",63339,259783,0
"HS",2017,201712,"December 2017",6,1,1,"Imports",398,"Kazakhstan",643,"Russian Federation",40510,"Dairy produce; derived from milk, butter",371035,834967,0
"HS",2017,201702,"February 2017",6,1,1,"Imports",417,"Kyrgyzstan",643,"Russian Federation",40510,"Dairy produce; derived from milk, butter",5480,22119,0
"HS",2017,201701,"January 2017",6,1,1,"Imports",496,"Mongolia",643,"Russian Federation",40510,"Dairy produce; derived from milk, butter",138,403,0
"HS",2017,201702,"February 2017",6,1,1,"Imports",496,"Mongolia",643,"Russian Federation",40510,"Dairy produce; derived from milk, butter",1254,4443,0
"HS",2017,201703,"March 2017",6,1,1,"Imports",496,"Mongolia",643,"Russian Federation",40510,"Dairy produce; derived from milk, butter",1764,2624,0
"HS",2017,201704,"April 2017",6,1,1,"Imports",496,"Mongolia",643,"Russian Federation",40510,"Dairy produce; derived from milk, butter",7930,17594,0
"HS",2017,201705,"May 2017",6,1,1,"Imports",496,"Mongolia",643,"Russian Federation",40510,"Dairy produce; derived from milk, butter",10210,14467,0
"HS",2017,201706,"June 2017",6,1,1,"Imports",496,"Mongolia",643,"Russian Federation",40510,"Dairy produce; derived from milk, butter",4826,9672,0
"HS",2017,201707,"July 2017",6,1,1,"Imports",496,"Mongolia",643,"Russian Federation",40510,"Dairy produce; derived from milk, butter",5024,11470,0
"HS",2017,201708,"August 2017",6,1,1,"Imports",496,"Mongolia",643,"Russian Federation",40510,"Dairy produce; derived from milk, butter",420,1425,0
"HS",2017,201709,"September 2017",6,1,1,"Imports",496,"Mongolia",643,"Russian Federation",40510,"Dairy produce; derived from milk, butter",6533,13836,0
"HS",2017,201710,"October 2017",6,1,1,"Imports",496,"Mongolia",643,"Russian Federation",40510,"Dairy produce; derived from milk, butter",8489,17911,0
"HS",2017,201711,"November 2017",6,1,1,"Imports",496,"Mongolia",643,"Russian Federation",40510,"Dairy produce; derived from milk, butter",1307,2876,0
"HS",2017,201712,"December 2017",6,1,1,"Imports",496,"Mongolia",643,"Russian Federation",40510,"Dairy produce; derived from milk, butter",7204,14544,0
"HS",2017,201711,"November 2017",6,1,1,"Imports",784,"United Arab Emirates",643,"Russian Federation",40510,"Dairy produce; derived from milk, butter",371,1778,0
"HS",2017,201712,"December 2017",6,1,1,"Imports",842,"United States of America",643,"Russian Federation",40510,"Dairy produce; derived from milk, butter",1488,6326,0
"HS",2018,201801,"January 2018",6,1,1,"Imports",31,"Azerbaijan",643,"Russian Federation",40510,"Dairy produce; derived from milk, butter",26,7924,0
"HS",2018,201802,"February 2018",6,1,1,"Imports",31,"Azerbaijan",643,"Russian Federation",40510,"Dairy produce; derived from milk, butter",NA,2606,0
"HS",2018,201803,"March 2018",6,1,1,"Imports",31,"Azerbaijan",643,"Russian Federation",40510,"Dairy produce; derived from milk, butter",NA,4037,0
"HS",2018,201804,"April 2018",6,1,1,"Imports",31,"Azerbaijan",643,"Russian Federation",40510,"Dairy produce; derived from milk, butter",76,31378,0
"HS",2018,201805,"May 2018",6,1,1,"Imports",31,"Azerbaijan",643,"Russian Federation",40510,"Dairy produce; derived from milk, butter",2,189,0
"HS",2018,201806,"June 2018",6,1,1,"Imports",31,"Azerbaijan",643,"Russian Federation",40510,"Dairy produce; derived from milk, butter",108,6956,0
"HS",2018,201807,"July 2018",6,1,1,"Imports",31,"Azerbaijan",643,"Russian Federation",40510,"Dairy produce; derived from milk, butter",76,2309,0
"HS",2018,201808,"August 2018",6,1,1,"Imports",31,"Azerbaijan",643,"Russian Federation",40510,"Dairy produce; derived from milk, butter",80,12236,0
"HS",2018,201809,"September 2018",6,1,1,"Imports",31,"Azerbaijan",643,"Russian Federation",40510,"Dairy produce; derived from milk, butter",50,4199,0
"HS",2018,201810,"October 2018",6,1,1,"Imports",31,"Azerbaijan",643,"Russian Federation",40510,"Dairy produce; derived from milk, butter",65,62588,0
"HS",2018,201811,"November 2018",6,1,1,"Imports",31,"Azerbaijan",643,"Russian Federation",40510,"Dairy produce; derived from milk, butter",119,7744,0
"HS",2018,201812,"December 2018",6,1,1,"Imports",31,"Azerbaijan",643,"Russian Federation",40510,"Dairy produce; derived from milk, butter",200,17719,0
"HS",2018,201801,"January 2018",6,1,1,"Imports",51,"Armenia",643,"Russian Federation",40510,"Dairy produce; derived from milk, butter",3372,5509,0
"HS",2018,201802,"February 2018",6,1,1,"Imports",51,"Armenia",643,"Russian Federation",40510,"Dairy produce; derived from milk, butter",15301,49222,0
"HS",2018,201803,"March 2018",6,1,1,"Imports",51,"Armenia",643,"Russian Federation",40510,"Dairy produce; derived from milk, butter",29320,127164,0
"HS",2018,201804,"April 2018",6,1,1,"Imports",51,"Armenia",643,"Russian Federation",40510,"Dairy produce; derived from milk, butter",18182,83009,0
"HS",2018,201805,"May 2018",6,1,1,"Imports",51,"Armenia",643,"Russian Federation",40510,"Dairy produce; derived from milk, butter",29181,128897,0
"HS",2018,201806,"June 2018",6,1,1,"Imports",51,"Armenia",643,"Russian Federation",40510,"Dairy produce; derived from milk, butter",15450,64413,0
"HS",2018,201807,"July 2018",6,1,1,"Imports",51,"Armenia",643,"Russian Federation",40510,"Dairy produce; derived from milk, butter",17865,53141,0
"HS",2018,201808,"August 2018",6,1,1,"Imports",51,"Armenia",643,"Russian Federation",40510,"Dairy produce; derived from milk, butter",2078,5847,0
"HS",2018,201809,"September 2018",6,1,1,"Imports",51,"Armenia",643,"Russian Federation",40510,"Dairy produce; derived from milk, butter",3086,10262,0
"HS",2018,201810,"October 2018",6,1,1,"Imports",51,"Armenia",643,"Russian Federation",40510,"Dairy produce; derived from milk, butter",15024,54292,0
"HS",2018,201811,"November 2018",6,1,1,"Imports",51,"Armenia",643,"Russian Federation",40510,"Dairy produce; derived from milk, butter",14609,43803,0
"HS",2018,201812,"December 2018",6,1,1,"Imports",51,"Armenia",643,"Russian Federation",40510,"Dairy produce; derived from milk, butter",3594,13225,0
"HS",2018,201801,"January 2018",6,1,1,"Imports",112,"Belarus",643,"Russian Federation",40510,"Dairy produce; derived from milk, butter",295,1400,0
"HS",2018,201802,"February 2018",6,1,1,"Imports",112,"Belarus",643,"Russian Federation",40510,"Dairy produce; derived from milk, butter",1273,6500,0
"HS",2018,201803,"March 2018",6,1,1,"Imports",112,"Belarus",643,"Russian Federation",40510,"Dairy produce; derived from milk, butter",720,2800,0
"HS",2018,201804,"April 2018",6,1,1,"Imports",112,"Belarus",643,"Russian Federation",40510,"Dairy produce; derived from milk, butter",1002,4200,0
"HS",2018,201805,"May 2018",6,1,1,"Imports",112,"Belarus",643,"Russian Federation",40510,"Dairy produce; derived from milk, butter",10818,41300,0
"HS",2018,201806,"June 2018",6,1,1,"Imports",112,"Belarus",643,"Russian Federation",40510,"Dairy produce; derived from milk, butter",1119,4800,0
"HS",2018,201807,"July 2018",6,1,1,"Imports",112,"Belarus",643,"Russian Federation",40510,"Dairy produce; derived from milk, butter",343,1900,0
"HS",2018,201808,"August 2018",6,1,1,"Imports",112,"Belarus",643,"Russian Federation",40510,"Dairy produce; derived from milk, butter",1362,4300,0
"HS",2018,201809,"September 2018",6,1,1,"Imports",112,"Belarus",643,"Russian Federation",40510,"Dairy produce; derived from milk, butter",1465,4400,0
"HS",2018,201810,"October 2018",6,1,1,"Imports",112,"Belarus",643,"Russian Federation",40510,"Dairy produce; derived from milk, butter",1577,4900,0
"HS",2018,201811,"November 2018",6,1,1,"Imports",112,"Belarus",643,"Russian Federation",40510,"Dairy produce; derived from milk, butter",964,3500,0
"HS",2018,201812,"December 2018",6,1,1,"Imports",112,"Belarus",643,"Russian Federation",40510,"Dairy produce; derived from milk, butter",1513,6800,0
"HS",2018,201801,"January 2018",6,1,1,"Imports",268,"Georgia",643,"Russian Federation",40510,"Dairy produce; derived from milk, butter",519,3443,0
"HS",2018,201802,"February 2018",6,1,1,"Imports",268,"Georgia",643,"Russian Federation",40510,"Dairy produce; derived from milk, butter",497,3350,0
"HS",2018,201803,"March 2018",6,1,1,"Imports",268,"Georgia",643,"Russian Federation",40510,"Dairy produce; derived from milk, butter",972,6518,0
"HS",2018,201804,"April 2018",6,1,1,"Imports",268,"Georgia",643,"Russian Federation",40510,"Dairy produce; derived from milk, butter",130,790,0
"HS",2018,201805,"May 2018",6,1,1,"Imports",268,"Georgia",643,"Russian Federation",40510,"Dairy produce; derived from milk, butter",151,869,0
"HS",2018,201806,"June 2018",6,1,1,"Imports",268,"Georgia",643,"Russian Federation",40510,"Dairy produce; derived from milk, butter",367,2063,0
"HS",2018,201807,"July 2018",6,1,1,"Imports",268,"Georgia",643,"Russian Federation",40510,"Dairy produce; derived from milk, butter",238,1485,0
"HS",2018,201808,"August 2018",6,1,1,"Imports",268,"Georgia",643,"Russian Federation",40510,"Dairy produce; derived from milk, butter",216,1348,0
"HS",2018,201809,"September 2018",6,1,1,"Imports",268,"Georgia",643,"Russian Federation",40510,"Dairy produce; derived from milk, butter",518,3203,0
"HS",2018,201810,"October 2018",6,1,1,"Imports",268,"Georgia",643,"Russian Federation",40510,"Dairy produce; derived from milk, butter",674,3731,0
"HS",2018,201811,"November 2018",6,1,1,"Imports",268,"Georgia",643,"Russian Federation",40510,"Dairy produce; derived from milk, butter",520,2794,0
"HS",2018,201812,"December 2018",6,1,1,"Imports",268,"Georgia",643,"Russian Federation",40510,"Dairy produce; derived from milk, butter",347,1897,0
"HS",2018,201801,"January 2018",6,1,1,"Imports",398,"Kazakhstan",643,"Russian Federation",40510,"Dairy produce; derived from milk, butter",62146,192517,0
"HS",2018,201802,"February 2018",6,1,1,"Imports",398,"Kazakhstan",643,"Russian Federation",40510,"Dairy produce; derived from milk, butter",135218,413383,0
"HS",2018,201803,"March 2018",6,1,1,"Imports",398,"Kazakhstan",643,"Russian Federation",40510,"Dairy produce; derived from milk, butter",105896,340516,0
"HS",2018,201804,"April 2018",6,1,1,"Imports",398,"Kazakhstan",643,"Russian Federation",40510,"Dairy produce; derived from milk, butter",114190,392730,0
"HS",2018,201805,"May 2018",6,1,1,"Imports",398,"Kazakhstan",643,"Russian Federation",40510,"Dairy produce; derived from milk, butter",NA,575966,0
"HS",2018,201806,"June 2018",6,1,1,"Imports",398,"Kazakhstan",643,"Russian Federation",40510,"Dairy produce; derived from milk, butter",NA,597743,0
"HS",2018,201807,"July 2018",6,1,1,"Imports",398,"Kazakhstan",643,"Russian Federation",40510,"Dairy produce; derived from milk, butter",NA,90338,0
"HS",2018,201808,"August 2018",6,1,1,"Imports",398,"Kazakhstan",643,"Russian Federation",40510,"Dairy produce; derived from milk, butter",NA,182669,0
"HS",2018,201809,"September 2018",6,1,1,"Imports",398,"Kazakhstan",643,"Russian Federation",40510,"Dairy produce; derived from milk, butter",NA,113286,0
"HS",2018,201810,"October 2018",6,1,1,"Imports",398,"Kazakhstan",643,"Russian Federation",40510,"Dairy produce; derived from milk, butter",NA,205155,0
"HS",2018,201811,"November 2018",6,1,1,"Imports",398,"Kazakhstan",643,"Russian Federation",40510,"Dairy produce; derived from milk, butter",NA,217302,0
"HS",2018,201812,"December 2018",6,1,1,"Imports",398,"Kazakhstan",643,"Russian Federation",40510,"Dairy produce; derived from milk, butter",NA,164725,0
"HS",2018,201802,"February 2018",6,1,1,"Imports",417,"Kyrgyzstan",643,"Russian Federation",40510,"Dairy produce; derived from milk, butter",752,5577,0
"HS",2018,201803,"March 2018",6,1,1,"Imports",417,"Kyrgyzstan",643,"Russian Federation",40510,"Dairy produce; derived from milk, butter",554,4022,0
"HS",2018,201805,"May 2018",6,1,1,"Imports",417,"Kyrgyzstan",643,"Russian Federation",40510,"Dairy produce; derived from milk, butter",2297,15895,0
"HS",2018,201806,"June 2018",6,1,1,"Imports",417,"Kyrgyzstan",643,"Russian Federation",40510,"Dairy produce; derived from milk, butter",3128,15130,0
"HS",2018,201807,"July 2018",6,1,1,"Imports",417,"Kyrgyzstan",643,"Russian Federation",40510,"Dairy produce; derived from milk, butter",2455,9370,0
"HS",2018,201808,"August 2018",6,1,1,"Imports",417,"Kyrgyzstan",643,"Russian Federation",40510,"Dairy produce; derived from milk, butter",3247,11835,0
"HS",2018,201809,"September 2018",6,1,1,"Imports",417,"Kyrgyzstan",643,"Russian Federation",40510,"Dairy produce; derived from milk, butter",1465,5087,0
"HS",2018,201801,"January 2018",6,1,1,"Imports",496,"Mongolia",643,"Russian Federation",40510,"Dairy produce; derived from milk, butter",397,1260,0
"HS",2018,201802,"February 2018",6,1,1,"Imports",496,"Mongolia",643,"Russian Federation",40510,"Dairy produce; derived from milk, butter",7747,14490,0
"HS",2018,201803,"March 2018",6,1,1,"Imports",496,"Mongolia",643,"Russian Federation",40510,"Dairy produce; derived from milk, butter",3922,7772,0
"HS",2018,201804,"April 2018",6,1,1,"Imports",496,"Mongolia",643,"Russian Federation",40510,"Dairy produce; derived from milk, butter",442,1450,0
"HS",2018,201805,"May 2018",6,1,1,"Imports",496,"Mongolia",643,"Russian Federation",40510,"Dairy produce; derived from milk, butter",4923,8696,0
"HS",2018,201806,"June 2018",6,1,1,"Imports",496,"Mongolia",643,"Russian Federation",40510,"Dairy produce; derived from milk, butter",7515,13933,0
"HS",2018,201807,"July 2018",6,1,1,"Imports",496,"Mongolia",643,"Russian Federation",40510,"Dairy produce; derived from milk, butter",242,833,0
"HS",2018,201808,"August 2018",6,1,1,"Imports",496,"Mongolia",643,"Russian Federation",40510,"Dairy produce; derived from milk, butter",5784,10044,0
"HS",2018,201809,"September 2018",6,1,1,"Imports",496,"Mongolia",643,"Russian Federation",40510,"Dairy produce; derived from milk, butter",6718,12110,0
"HS",2018,201810,"October 2018",6,1,1,"Imports",496,"Mongolia",643,"Russian Federation",40510,"Dairy produce; derived from milk, butter",695,2682,0
"HS",2018,201811,"November 2018",6,1,1,"Imports",496,"Mongolia",643,"Russian Federation",40510,"Dairy produce; derived from milk, butter",8287,14524,0
"HS",2018,201812,"December 2018",6,1,1,"Imports",496,"Mongolia",643,"Russian Federation",40510,"Dairy produce; derived from milk, butter",448,1278,0
"HS",2018,201802,"February 2018",6,1,1,"Imports",705,"Slovenia",643,"Russian Federation",40510,"Dairy produce; derived from milk, butter",5,48,0
"HS",2018,201805,"May 2018",6,1,1,"Imports",705,"Slovenia",643,"Russian Federation",40510,"Dairy produce; derived from milk, butter",2,24,0
"HS",2018,201806,"June 2018",6,1,1,"Imports",705,"Slovenia",643,"Russian Federation",40510,"Dairy produce; derived from milk, butter",2,25,0
"HS",2018,201807,"July 2018",6,1,1,"Imports",705,"Slovenia",643,"Russian Federation",40510,"Dairy produce; derived from milk, butter",2,25,0
"HS",2018,201808,"August 2018",6,1,1,"Imports",705,"Slovenia",643,"Russian Federation",40510,"Dairy produce; derived from milk, butter",2,18,0
"HS",2018,201811,"November 2018",6,1,1,"Imports",705,"Slovenia",643,"Russian Federation",40510,"Dairy produce; derived from milk, butter",2,25,0
"HS",2018,201812,"December 2018",6,1,1,"Imports",705,"Slovenia",643,"Russian Federation",40510,"Dairy produce; derived from milk, butter",2,25,0
"HS",2018,201806,"June 2018",6,1,1,"Imports",818,"Egypt",643,"Russian Federation",40510,"Dairy produce; derived from milk, butter",50000,223057,0
"HS",2018,201803,"March 2018",6,1,1,"Imports",842,"United States of America",643,"Russian Federation",40510,"Dairy produce; derived from milk, butter",1440,12166,0
"HS",2018,201804,"April 2018",6,1,1,"Imports",842,"United States of America",643,"Russian Federation",40510,"Dairy produce; derived from milk, butter",1085,10944,0
"HS",2018,201805,"May 2018",6,1,1,"Imports",842,"United States of America",643,"Russian Federation",40510,"Dairy produce; derived from milk, butter",852,6936,0
"HS",2018,201808,"August 2018",6,1,1,"Imports",842,"United States of America",643,"Russian Federation",40510,"Dairy produce; derived from milk, butter",414,3962,0
"HS",2018,201809,"September 2018",6,1,1,"Imports",842,"United States of America",643,"Russian Federation",40510,"Dairy produce; derived from milk, butter",436,4228,0
"HS",2018,201810,"October 2018",6,1,1,"Imports",842,"United States of America",643,"Russian Federation",40510,"Dairy produce; derived from milk, butter",634,6228,0
"HS",2018,201811,"November 2018",6,1,1,"Imports",842,"United States of America",643,"Russian Federation",40510,"Dairy produce; derived from milk, butter",648,5333,0
"HS",2019,201901,"January 2019",6,1,1,"Imports",31,"Azerbaijan",643,"Russian Federation",40510,"Dairy produce; derived from milk, butter",639,3921,0
"HS",2019,201902,"February 2019",6,1,1,"Imports",31,"Azerbaijan",643,"Russian Federation",40510,"Dairy produce; derived from milk, butter",2954,17761,0
"HS",2019,201903,"March 2019",6,1,1,"Imports",31,"Azerbaijan",643,"Russian Federation",40510,"Dairy produce; derived from milk, butter",400,2584,0
"HS",2019,201904,"April 2019",6,1,1,"Imports",31,"Azerbaijan",643,"Russian Federation",40510,"Dairy produce; derived from milk, butter",3244,19684,0
"HS",2019,201905,"May 2019",6,1,1,"Imports",31,"Azerbaijan",643,"Russian Federation",40510,"Dairy produce; derived from milk, butter",630,4326,0
"HS",2019,201906,"June 2019",6,1,1,"Imports",31,"Azerbaijan",643,"Russian Federation",40510,"Dairy produce; derived from milk, butter",595,4140,0
"HS",2019,201907,"July 2019",6,1,1,"Imports",31,"Azerbaijan",643,"Russian Federation",40510,"Dairy produce; derived from milk, butter",650,4476,0
"HS",2019,201908,"August 2019",6,1,1,"Imports",31,"Azerbaijan",643,"Russian Federation",40510,"Dairy produce; derived from milk, butter",2000,12670,0
"HS",2019,201910,"October 2019",6,1,1,"Imports",31,"Azerbaijan",643,"Russian Federation",40510,"Dairy produce; derived from milk, butter",33,259,0
"HS",2019,201911,"November 2019",6,1,1,"Imports",31,"Azerbaijan",643,"Russian Federation",40510,"Dairy produce; derived from milk, butter",1619,11605,0
"HS",2019,201912,"December 2019",6,1,1,"Imports",31,"Azerbaijan",643,"Russian Federation",40510,"Dairy produce; derived from milk, butter",1116,7580,0
"HS",2019,201901,"January 2019",6,1,1,"Imports",51,"Armenia",643,"Russian Federation",40510,"Dairy produce; derived from milk, butter",24,323,0
"HS",2019,201902,"February 2019",6,1,1,"Imports",51,"Armenia",643,"Russian Federation",40510,"Dairy produce; derived from milk, butter",6542,36807,0
"HS",2019,201903,"March 2019",6,1,1,"Imports",51,"Armenia",643,"Russian Federation",40510,"Dairy produce; derived from milk, butter",2197,4400,0
"HS",2019,201904,"April 2019",6,1,1,"Imports",51,"Armenia",643,"Russian Federation",40510,"Dairy produce; derived from milk, butter",7522,34041,0
"HS",2019,201905,"May 2019",6,1,1,"Imports",51,"Armenia",643,"Russian Federation",40510,"Dairy produce; derived from milk, butter",3202,11059,0
"HS",2019,201906,"June 2019",6,1,1,"Imports",51,"Armenia",643,"Russian Federation",40510,"Dairy produce; derived from milk, butter",7390,16780,0
"HS",2019,201907,"July 2019",6,1,1,"Imports",51,"Armenia",643,"Russian Federation",40510,"Dairy produce; derived from milk, butter",5661,13723,0
"HS",2019,201908,"August 2019",6,1,1,"Imports",51,"Armenia",643,"Russian Federation",40510,"Dairy produce; derived from milk, butter",2267,5013,0
"HS",2019,201909,"September 2019",6,1,1,"Imports",51,"Armenia",643,"Russian Federation",40510,"Dairy produce; derived from milk, butter",1524,10064,0
"HS",2019,201910,"October 2019",6,1,1,"Imports",51,"Armenia",643,"Russian Federation",40510,"Dairy produce; derived from milk, butter",4294,12015,0
"HS",2019,201911,"November 2019",6,1,1,"Imports",51,"Armenia",643,"Russian Federation",40510,"Dairy produce; derived from milk, butter",4558,18804,0
"HS",2019,201912,"December 2019",6,1,1,"Imports",51,"Armenia",643,"Russian Federation",40510,"Dairy produce; derived from milk, butter",18676,65404,0
"HS",2019,201901,"January 2019",6,1,1,"Imports",112,"Belarus",643,"Russian Federation",40510,"Dairy produce; derived from milk, butter",992,4600,0
"HS",2019,201902,"February 2019",6,1,1,"Imports",112,"Belarus",643,"Russian Federation",40510,"Dairy produce; derived from milk, butter",291,800,0
"HS",2019,201903,"March 2019",6,1,1,"Imports",112,"Belarus",643,"Russian Federation",40510,"Dairy produce; derived from milk, butter",853,2200,0
"HS",2019,201904,"April 2019",6,1,1,"Imports",112,"Belarus",643,"Russian Federation",40510,"Dairy produce; derived from milk, butter",6516,30300,0
"HS",2019,201905,"May 2019",6,1,1,"Imports",112,"Belarus",643,"Russian Federation",40510,"Dairy produce; derived from milk, butter",5701,26400,0
"HS",2019,201906,"June 2019",6,1,1,"Imports",112,"Belarus",643,"Russian Federation",40510,"Dairy produce; derived from milk, butter",11979,55600,0
"HS",2019,201907,"July 2019",6,1,1,"Imports",112,"Belarus",643,"Russian Federation",40510,"Dairy produce; derived from milk, butter",5151,23500,0
"HS",2019,201908,"August 2019",6,1,1,"Imports",112,"Belarus",643,"Russian Federation",40510,"Dairy produce; derived from milk, butter",6685,30800,0
"HS",2019,201909,"September 2019",6,1,1,"Imports",112,"Belarus",643,"Russian Federation",40510,"Dairy produce; derived from milk, butter",20564,122800,0
"HS",2019,201910,"October 2019",6,1,1,"Imports",112,"Belarus",643,"Russian Federation",40510,"Dairy produce; derived from milk, butter",7643,40800,0
"HS",2019,201911,"November 2019",6,1,1,"Imports",112,"Belarus",643,"Russian Federation",40510,"Dairy produce; derived from milk, butter",943,5600,0
"HS",2019,201912,"December 2019",6,1,1,"Imports",112,"Belarus",643,"Russian Federation",40510,"Dairy produce; derived from milk, butter",1179,7100,0
"HS",2019,201901,"January 2019",6,1,1,"Imports",268,"Georgia",643,"Russian Federation",40510,"Dairy produce; derived from milk, butter",216,1309,0
"HS",2019,201902,"February 2019",6,1,1,"Imports",268,"Georgia",643,"Russian Federation",40510,"Dairy produce; derived from milk, butter",302,1935,0
"HS",2019,201903,"March 2019",6,1,1,"Imports",268,"Georgia",643,"Russian Federation",40510,"Dairy produce; derived from milk, butter",1697,3257,0
"HS",2019,201909,"September 2019",6,1,1,"Imports",268,"Georgia",643,"Russian Federation",40510,"Dairy produce; derived from milk, butter",42,152,0
"HS",2019,201910,"October 2019",6,1,1,"Imports",268,"Georgia",643,"Russian Federation",40510,"Dairy produce; derived from milk, butter",1,26,0
"HS",2019,201912,"December 2019",6,1,1,"Imports",268,"Georgia",643,"Russian Federation",40510,"Dairy produce; derived from milk, butter",477,5037,0
"HS",2019,201901,"January 2019",6,1,1,"Imports",398,"Kazakhstan",643,"Russian Federation",40510,"Dairy produce; derived from milk, butter",28781,111832,0
"HS",2019,201902,"February 2019",6,1,1,"Imports",398,"Kazakhstan",643,"Russian Federation",40510,"Dairy produce; derived from milk, butter",32274,125915,0
"HS",2019,201903,"March 2019",6,1,1,"Imports",398,"Kazakhstan",643,"Russian Federation",40510,"Dairy produce; derived from milk, butter",88633,359237,0
"HS",2019,201904,"April 2019",6,1,1,"Imports",398,"Kazakhstan",643,"Russian Federation",40510,"Dairy produce; derived from milk, butter",64565,282683,0
"HS",2019,201905,"May 2019",6,1,1,"Imports",398,"Kazakhstan",643,"Russian Federation",40510,"Dairy produce; derived from milk, butter",32667,142285,0
"HS",2019,201906,"June 2019",6,1,1,"Imports",398,"Kazakhstan",643,"Russian Federation",40510,"Dairy produce; derived from milk, butter",19106,95716,0
"HS",2019,201907,"July 2019",6,1,1,"Imports",398,"Kazakhstan",643,"Russian Federation",40510,"Dairy produce; derived from milk, butter",59270,332511,0
"HS",2019,201908,"August 2019",6,1,1,"Imports",398,"Kazakhstan",643,"Russian Federation",40510,"Dairy produce; derived from milk, butter",21896,117989,0
"HS",2019,201909,"September 2019",6,1,1,"Imports",398,"Kazakhstan",643,"Russian Federation",40510,"Dairy produce; derived from milk, butter",46320,248022,0
"HS",2019,201910,"October 2019",6,1,1,"Imports",398,"Kazakhstan",643,"Russian Federation",40510,"Dairy produce; derived from milk, butter",156528,906841,0
"HS",2019,201911,"November 2019",6,1,1,"Imports",398,"Kazakhstan",643,"Russian Federation",40510,"Dairy produce; derived from milk, butter",34336,143945,0
"HS",2019,201912,"December 2019",6,1,1,"Imports",398,"Kazakhstan",643,"Russian Federation",40510,"Dairy produce; derived from milk, butter",24279,141589,0
"HS",2019,201905,"May 2019",6,1,1,"Imports",417,"Kyrgyzstan",643,"Russian Federation",40510,"Dairy produce; derived from milk, butter",3049,11262,0
"HS",2019,201906,"June 2019",6,1,1,"Imports",417,"Kyrgyzstan",643,"Russian Federation",40510,"Dairy produce; derived from milk, butter",1465,5436,0
"HS",2019,201907,"July 2019",6,1,1,"Imports",417,"Kyrgyzstan",643,"Russian Federation",40510,"Dairy produce; derived from milk, butter",3366,12803,0
"HS",2019,201908,"August 2019",6,1,1,"Imports",417,"Kyrgyzstan",643,"Russian Federation",40510,"Dairy produce; derived from milk, butter",10339,25069,0
"HS",2019,201911,"November 2019",6,1,1,"Imports",417,"Kyrgyzstan",643,"Russian Federation",40510,"Dairy produce; derived from milk, butter",3762,14173,0
"HS",2019,201912,"December 2019",6,1,1,"Imports",417,"Kyrgyzstan",643,"Russian Federation",40510,"Dairy produce; derived from milk, butter",23386,106467,0
"HS",2019,201901,"January 2019",6,1,1,"Imports",496,"Mongolia",643,"Russian Federation",40510,"Dairy produce; derived from milk, butter",5259,8568,0
"HS",2019,201902,"February 2019",6,1,1,"Imports",496,"Mongolia",643,"Russian Federation",40510,"Dairy produce; derived from milk, butter",91,255,0
"HS",2019,201903,"March 2019",6,1,1,"Imports",496,"Mongolia",643,"Russian Federation",40510,"Dairy produce; derived from milk, butter",8219,60975,0
"HS",2019,201904,"April 2019",6,1,1,"Imports",496,"Mongolia",643,"Russian Federation",40510,"Dairy produce; derived from milk, butter",1070,6776,0
"HS",2019,201905,"May 2019",6,1,1,"Imports",496,"Mongolia",643,"Russian Federation",40510,"Dairy produce; derived from milk, butter",1046,6724,0
"HS",2019,201906,"June 2019",6,1,1,"Imports",496,"Mongolia",643,"Russian Federation",40510,"Dairy produce; derived from milk, butter",1207,7518,0
"HS",2019,201907,"July 2019",6,1,1,"Imports",496,"Mongolia",643,"Russian Federation",40510,"Dairy produce; derived from milk, butter",162,583,0
"HS",2019,201908,"August 2019",6,1,1,"Imports",496,"Mongolia",643,"Russian Federation",40510,"Dairy produce; derived from milk, butter",161,726,0
"HS",2019,201909,"September 2019",6,1,1,"Imports",496,"Mongolia",643,"Russian Federation",40510,"Dairy produce; derived from milk, butter",673,4336,0
"HS",2019,201910,"October 2019",6,1,1,"Imports",496,"Mongolia",643,"Russian Federation",40510,"Dairy produce; derived from milk, butter",325,1337,0
"HS",2019,201911,"November 2019",6,1,1,"Imports",496,"Mongolia",643,"Russian Federation",40510,"Dairy produce; derived from milk, butter",267,809,0
"HS",2019,201912,"December 2019",6,1,1,"Imports",496,"Mongolia",643,"Russian Federation",40510,"Dairy produce; derived from milk, butter",472,1176,0
"HS",2019,201901,"January 2019",6,1,1,"Imports",705,"Slovenia",643,"Russian Federation",40510,"Dairy produce; derived from milk, butter",2,18,0
"HS",2019,201903,"March 2019",6,1,1,"Imports",705,"Slovenia",643,"Russian Federation",40510,"Dairy produce; derived from milk, butter",2,24,0
"HS",2019,201905,"May 2019",6,1,1,"Imports",705,"Slovenia",643,"Russian Federation",40510,"Dairy produce; derived from milk, butter",2,24,0
"HS",2019,201906,"June 2019",6,1,1,"Imports",705,"Slovenia",643,"Russian Federation",40510,"Dairy produce; derived from milk, butter",2,24,0
"HS",2019,201907,"July 2019",6,1,1,"Imports",705,"Slovenia",643,"Russian Federation",40510,"Dairy produce; derived from milk, butter",2,24,0
"HS",2019,201909,"September 2019",6,1,1,"Imports",705,"Slovenia",643,"Russian Federation",40510,"Dairy produce; derived from milk, butter",5,38,0
"HS",2019,201910,"October 2019",6,1,1,"Imports",705,"Slovenia",643,"Russian Federation",40510,"Dairy produce; derived from milk, butter",5,46,0
"HS",2019,201911,"November 2019",6,1,1,"Imports",705,"Slovenia",643,"Russian Federation",40510,"Dairy produce; derived from milk, butter",4,53,0
"HS",2019,201912,"December 2019",6,1,1,"Imports",705,"Slovenia",643,"Russian Federation",40510,"Dairy produce; derived from milk, butter",9,100,0
"HS",2019,201901,"January 2019",6,1,1,"Imports",842,"United States of America",643,"Russian Federation",40510,"Dairy produce; derived from milk, butter",437,4541,0
"HS",2019,201903,"March 2019",6,1,1,"Imports",842,"United States of America",643,"Russian Federation",40510,"Dairy produce; derived from milk, butter",919,9372,0
"HS",2019,201904,"April 2019",6,1,1,"Imports",842,"United States of America",643,"Russian Federation",40510,"Dairy produce; derived from milk, butter",833,8621,0
"HS",2019,201907,"July 2019",6,1,1,"Imports",842,"United States of America",643,"Russian Federation",40510,"Dairy produce; derived from milk, butter",265,2555,0
"HS",2019,201901,"January 2019",6,1,1,"Imports",860,"",643,"Russian Federation",40510,"Dairy produce; derived from milk, butter",90,449,0
"HS",2019,201902,"February 2019",6,1,1,"Imports",860,"",643,"Russian Federation",40510,"Dairy produce; derived from milk, butter",140,813,0
"HS",2019,201903,"March 2019",6,1,1,"Imports",860,"",643,"Russian Federation",40510,"Dairy produce; derived from milk, butter",190,1041,0
"HS",2019,201904,"April 2019",6,1,1,"Imports",860,"",643,"Russian Federation",40510,"Dairy produce; derived from milk, butter",6730,43348,0
"HS",2019,201905,"May 2019",6,1,1,"Imports",860,"",643,"Russian Federation",40510,"Dairy produce; derived from milk, butter",210,1252,0
"HS",2019,201906,"June 2019",6,1,1,"Imports",860,"",643,"Russian Federation",40510,"Dairy produce; derived from milk, butter",460,2649,0
"HS",2019,201907,"July 2019",6,1,1,"Imports",860,"",643,"Russian Federation",40510,"Dairy produce; derived from milk, butter",630,3842,0
"HS",2019,201908,"August 2019",6,1,1,"Imports",860,"",643,"Russian Federation",40510,"Dairy produce; derived from milk, butter",470,3249,0
"HS",2019,201909,"September 2019",6,1,1,"Imports",860,"",643,"Russian Federation",40510,"Dairy produce; derived from milk, butter",550,3465,0
"HS",2019,201910,"October 2019",6,1,1,"Imports",860,"",643,"Russian Federation",40510,"Dairy produce; derived from milk, butter",520,3259,0
"HS",2019,201911,"November 2019",6,1,1,"Imports",860,"",643,"Russian Federation",40510,"Dairy produce; derived from milk, butter",500,3221,0
"HS",2019,201912,"December 2019",6,1,1,"Imports",860,"",643,"Russian Federation",40510,"Dairy produce; derived from milk, butter",390,2534,0
"HS",2020,202001,"January 2020",6,1,1,"Imports",31,"Azerbaijan",643,"Russian Federation",40510,"Dairy produce; derived from milk, butter",100,712,0
"HS",2020,202002,"February 2020",6,1,1,"Imports",31,"Azerbaijan",643,"Russian Federation",40510,"Dairy produce; derived from milk, butter",1300,8597,0
"HS",2020,202003,"March 2020",6,1,1,"Imports",31,"Azerbaijan",643,"Russian Federation",40510,"Dairy produce; derived from milk, butter",40696,192964,0
"HS",2020,202004,"April 2020",6,1,1,"Imports",31,"Azerbaijan",643,"Russian Federation",40510,"Dairy produce; derived from milk, butter",12094,63535,0
"HS",2020,202005,"May 2020",6,1,1,"Imports",31,"Azerbaijan",643,"Russian Federation",40510,"Dairy produce; derived from milk, butter",2843,16584,0
"HS",2020,202006,"June 2020",6,1,1,"Imports",31,"Azerbaijan",643,"Russian Federation",40510,"Dairy produce; derived from milk, butter",1207,6864,0
"HS",2020,202007,"July 2020",6,1,1,"Imports",31,"Azerbaijan",643,"Russian Federation",40510,"Dairy produce; derived from milk, butter",947,6636,0
"HS",2020,202008,"August 2020",6,1,1,"Imports",31,"Azerbaijan",643,"Russian Federation",40510,"Dairy produce; derived from milk, butter",500,2767,0
"HS",2020,202009,"September 2020",6,1,1,"Imports",31,"Azerbaijan",643,"Russian Federation",40510,"Dairy produce; derived from milk, butter",27906,121736,0
"HS",2020,202010,"October 2020",6,1,1,"Imports",31,"Azerbaijan",643,"Russian Federation",40510,"Dairy produce; derived from milk, butter",560,2895,0
"HS",2020,202011,"November 2020",6,1,1,"Imports",31,"Azerbaijan",643,"Russian Federation",40510,"Dairy produce; derived from milk, butter",41255,172896,0
"HS",2020,202001,"January 2020",6,1,1,"Imports",51,"Armenia",643,"Russian Federation",40510,"Dairy produce; derived from milk, butter",60,856,0
"HS",2020,202002,"February 2020",6,1,1,"Imports",51,"Armenia",643,"Russian Federation",40510,"Dairy produce; derived from milk, butter",40,389,0
"HS",2020,202003,"March 2020",6,1,1,"Imports",51,"Armenia",643,"Russian Federation",40510,"Dairy produce; derived from milk, butter",7269,31665,0
"HS",2020,202004,"April 2020",6,1,1,"Imports",51,"Armenia",643,"Russian Federation",40510,"Dairy produce; derived from milk, butter",20463,110742,0
"HS",2020,202005,"May 2020",6,1,1,"Imports",51,"Armenia",643,"Russian Federation",40510,"Dairy produce; derived from milk, butter",42065,252579,0
"HS",2020,202006,"June 2020",6,1,1,"Imports",51,"Armenia",643,"Russian Federation",40510,"Dairy produce; derived from milk, butter",35169,175843,0
"HS",2020,202007,"July 2020",6,1,1,"Imports",51,"Armenia",643,"Russian Federation",40510,"Dairy produce; derived from milk, butter",3608,13421,0
"HS",2020,202008,"August 2020",6,1,1,"Imports",51,"Armenia",643,"Russian Federation",40510,"Dairy produce; derived from milk, butter",14044,51594,0
"HS",2020,202009,"September 2020",6,1,1,"Imports",51,"Armenia",643,"Russian Federation",40510,"Dairy produce; derived from milk, butter",44424,249638,0
"HS",2020,202010,"October 2020",6,1,1,"Imports",51,"Armenia",643,"Russian Federation",40510,"Dairy produce; derived from milk, butter",59533,356858,0
"HS",2020,202011,"November 2020",6,1,1,"Imports",51,"Armenia",643,"Russian Federation",40510,"Dairy produce; derived from milk, butter",4900,24725,0
"HS",2020,202001,"January 2020",6,1,1,"Imports",112,"Belarus",643,"Russian Federation",40510,"Dairy produce; derived from milk, butter",326,1600,0
"HS",2020,202002,"February 2020",6,1,1,"Imports",112,"Belarus",643,"Russian Federation",40510,"Dairy produce; derived from milk, butter",1272,7700,0
"HS",2020,202003,"March 2020",6,1,1,"Imports",112,"Belarus",643,"Russian Federation",40510,"Dairy produce; derived from milk, butter",695,4600,0
"HS",2020,202004,"April 2020",6,1,1,"Imports",112,"Belarus",643,"Russian Federation",40510,"Dairy produce; derived from milk, butter",1151,3600,0
"HS",2020,202005,"May 2020",6,1,1,"Imports",112,"Belarus",643,"Russian Federation",40510,"Dairy produce; derived from milk, butter",467,2200,0
"HS",2020,202006,"June 2020",6,1,1,"Imports",112,"Belarus",643,"Russian Federation",40510,"Dairy produce; derived from milk, butter",460,3700,0
"HS",2020,202007,"July 2020",6,1,1,"Imports",112,"Belarus",643,"Russian Federation",40510,"Dairy produce; derived from milk, butter",5627,23600,0
"HS",2020,202008,"August 2020",6,1,1,"Imports",112,"Belarus",643,"Russian Federation",40510,"Dairy produce; derived from milk, butter",5523,21800,0
"HS",2020,202009,"September 2020",6,1,1,"Imports",112,"Belarus",643,"Russian Federation",40510,"Dairy produce; derived from milk, butter",4432,22000,0
"HS",2020,202010,"October 2020",6,1,1,"Imports",112,"Belarus",643,"Russian Federation",40510,"Dairy produce; derived from milk, butter",513,2500,0
"HS",2020,202011,"November 2020",6,1,1,"Imports",112,"Belarus",643,"Russian Federation",40510,"Dairy produce; derived from milk, butter",801,3900,0
"HS",2020,202008,"August 2020",6,1,1,"Imports",268,"Georgia",643,"Russian Federation",40510,"Dairy produce; derived from milk, butter",18624,119028,0
"HS",2020,202006,"June 2020",6,1,1,"Imports",376,"Israel",643,"Russian Federation",40510,"Dairy produce; derived from milk, butter",3176,14000,0
"HS",2020,202007,"July 2020",6,1,1,"Imports",376,"Israel",643,"Russian Federation",40510,"Dairy produce; derived from milk, butter",5445,24000,0
"HS",2020,202010,"October 2020",6,1,1,"Imports",376,"Israel",643,"Russian Federation",40510,"Dairy produce; derived from milk, butter",4991,22000,0
"HS",2020,202001,"January 2020",6,1,1,"Imports",417,"Kyrgyzstan",643,"Russian Federation",40510,"Dairy produce; derived from milk, butter",5296,19310,0
"HS",2020,202002,"February 2020",6,1,1,"Imports",417,"Kyrgyzstan",643,"Russian Federation",40510,"Dairy produce; derived from milk, butter",3859,14658,0
"HS",2020,202004,"April 2020",6,1,1,"Imports",417,"Kyrgyzstan",643,"Russian Federation",40510,"Dairy produce; derived from milk, butter",5285,6014,0
"HS",2020,202005,"May 2020",6,1,1,"Imports",417,"Kyrgyzstan",643,"Russian Federation",40510,"Dairy produce; derived from milk, butter",3652,17578,0
"HS",2020,202006,"June 2020",6,1,1,"Imports",417,"Kyrgyzstan",643,"Russian Federation",40510,"Dairy produce; derived from milk, butter",2059,7117,0
"HS",2020,202008,"August 2020",6,1,1,"Imports",417,"Kyrgyzstan",643,"Russian Federation",40510,"Dairy produce; derived from milk, butter",1,15,0
"HS",2020,202009,"September 2020",6,1,1,"Imports",417,"Kyrgyzstan",643,"Russian Federation",40510,"Dairy produce; derived from milk, butter",3009,12391,0
"HS",2020,202010,"October 2020",6,1,1,"Imports",417,"Kyrgyzstan",643,"Russian Federation",40510,"Dairy produce; derived from milk, butter",2892,12472,0
"HS",2020,202011,"November 2020",6,1,1,"Imports",417,"Kyrgyzstan",643,"Russian Federation",40510,"Dairy produce; derived from milk, butter",4,43,0
"HS",2020,202001,"January 2020",6,1,1,"Imports",705,"Slovenia",643,"Russian Federation",40510,"Dairy produce; derived from milk, butter",2,23,0
"HS",2020,202002,"February 2020",6,1,1,"Imports",705,"Slovenia",643,"Russian Federation",40510,"Dairy produce; derived from milk, butter",2,23,0
"HS",2020,202004,"April 2020",6,1,1,"Imports",705,"Slovenia",643,"Russian Federation",40510,"Dairy produce; derived from milk, butter",7,75,0
"HS",2020,202005,"May 2020",6,1,1,"Imports",705,"Slovenia",643,"Russian Federation",40510,"Dairy produce; derived from milk, butter",5,46,0
"HS",2020,202006,"June 2020",6,1,1,"Imports",705,"Slovenia",643,"Russian Federation",40510,"Dairy produce; derived from milk, butter",2,18,0
"HS",2020,202008,"August 2020",6,1,1,"Imports",705,"Slovenia",643,"Russian Federation",40510,"Dairy produce; derived from milk, butter",7,76,0
"HS",2020,202009,"September 2020",6,1,1,"Imports",705,"Slovenia",643,"Russian Federation",40510,"Dairy produce; derived from milk, butter",5,39,0
"HS",2020,202010,"October 2020",6,1,1,"Imports",705,"Slovenia",643,"Russian Federation",40510,"Dairy produce; derived from milk, butter",7,109,0
"HS",2020,202001,"January 2020",6,1,1,"Imports",842,"United States of America",643,"Russian Federation",40510,"Dairy produce; derived from milk, butter",571,6068,0
"HS",2020,202003,"March 2020",6,1,1,"Imports",842,"United States of America",643,"Russian Federation",40510,"Dairy produce; derived from milk, butter",747,7410,0
"HS",2020,202004,"April 2020",6,1,1,"Imports",842,"United States of America",643,"Russian Federation",40510,"Dairy produce; derived from milk, butter",1318,11242,0
"HS",2020,202005,"May 2020",6,1,1,"Imports",842,"United States of America",643,"Russian Federation",40510,"Dairy produce; derived from milk, butter",1278,10085,0
"HS",2020,202006,"June 2020",6,1,1,"Imports",842,"United States of America",643,"Russian Federation",40510,"Dairy produce; derived from milk, butter",616,5272,0
"HS",2020,202007,"July 2020",6,1,1,"Imports",842,"United States of America",643,"Russian Federation",40510,"Dairy produce; derived from milk, butter",527,4803,0
"HS",2020,202001,"January 2020",6,1,1,"Imports",860,"",643,"Russian Federation",40510,"Dairy produce; derived from milk, butter",450,2982,0
"HS",2020,202002,"February 2020",6,1,1,"Imports",860,"",643,"Russian Federation",40510,"Dairy produce; derived from milk, butter",30,262,0
"HS",2020,202003,"March 2020",6,1,1,"Imports",860,"",643,"Russian Federation",40510,"Dairy produce; derived from milk, butter",80,523,0
"HS",2020,202004,"April 2020",6,1,1,"Imports",860,"",643,"Russian Federation",40510,"Dairy produce; derived from milk, butter",40,326,0
"HS",2020,202005,"May 2020",6,1,1,"Imports",860,"",643,"Russian Federation",40510,"Dairy produce; derived from milk, butter",20,130,0
"HS",2020,202006,"June 2020",6,1,1,"Imports",860,"",643,"Russian Federation",40510,"Dairy produce; derived from milk, butter",30,203,0
"HS",2020,202007,"July 2020",6,1,1,"Imports",860,"",643,"Russian Federation",40510,"Dairy produce; derived from milk, butter",20210,124366,0
"HS",2020,202008,"August 2020",6,1,1,"Imports",860,"",643,"Russian Federation",40510,"Dairy produce; derived from milk, butter",60,340,0
"HS",2020,202009,"September 2020",6,1,1,"Imports",860,"",643,"Russian Federation",40510,"Dairy produce; derived from milk, butter",10,68,0
"HS",2020,202010,"October 2020",6,1,1,"Imports",860,"",643,"Russian Federation",40510,"Dairy produce; derived from milk, butter",20150,125000,0
"HS",2020,202011,"November 2020",6,1,1,"Imports",860,"",643,"Russian Federation",40510,"Dairy produce; derived from milk, butter",6200,29787,0
