"iso2c","country","NY.GDP.PCAP.CD","IC.REG.COST.PC.ZS","IC.REG.DURS","IC.TAX.TOTL.CP.ZS","IC.TAX.DURS","IC.BUS.EASE.XQ","income","region"
"AE","United Arab Emirates",43103.3362929869,17.2,3.8,15.9,116,16,"High income","Middle East & North Africa"
"AF","Afghanistan",507.103391875763,6.8,8.5,71.4,270,173,"Low income","South Asia"
"AG","Antigua and Barbuda",17113.3497705088,8,19,43,177,113,"High income","Latin America & Caribbean"
"AL","Albania",5355.84779459031,10.8,4.5,36.6,252,82,"Upper middle income","Europe & Central Asia"
"AM","Armenia",4622.73818208855,0.8,4,22.6,264,47,"Upper middle income","Europe & Central Asia"
"AO","Angola",2809.62608839129,11.1,36,49.1,287,177,"Lower middle income","Sub-Saharan Africa"
"AR","Argentina",9912.28180859863,5,11.5,106.3,311.5,126,"Upper middle income","Latin America & Caribbean"
"AT","Austria",50121.5542131186,4.7,21,51.4,131,27,"High income","Europe & Central Asia"
"AU","Australia",55057.2046960666,0.7,2,47.4,105,14,"High income","East Asia & Pacific"
"AZ","Azerbaijan",4805.75371765917,1.2,3.5,40.7,159,34,"Upper middle income","Europe & Central Asia"
"BA","Bosnia and Herzegovina",6120.11262579357,13.7,80,23.7,411,90,"Upper middle income","Europe & Central Asia"
"BB","Barbados",18148.4978451054,7.3,16,35.6,241,128,"High income","Latin America & Caribbean"
"BD","Bangladesh",1855.6915096678,8.7,19.5,33.4,435,168,"Lower middle income","South Asia"
"BE","Belgium",46414.4352334354,5.3,5,55.4,136,46,"High income","Europe & Central Asia"
"BF","Burkina Faso",786.895437677452,42.8,13,41.3,270,151,"Low income","Sub-Saharan Africa"
"BG","Bulgaria",9828.14851478139,1,23,28.3,441,61,"Upper middle income","Europe & Central Asia"
"BH","Bahrain",23443.4348283266,1,8.3,13.8,22.5,43,"High income","Middle East & North Africa"
"BI","Burundi",261.24529116164,12.3,5,41.2,232,166,"Low income","Sub-Saharan Africa"
"BJ","Benin",1219.51547853535,3.5,8.5,48.9,270,149,"Low income","Sub-Saharan Africa"
"BN","Brunei Darussalam",31085.9618860822,1.1,5.5,8,52.5,66,"High income","East Asia & Pacific"
"BO","Bolivia",3552.06814383653,37.3,39.5,83.7,1025,150,"Lower middle income","Latin America & Caribbean"
"BR","Brazil",8897.48777044292,4.2,16.6,65.1,1501,124,"Upper middle income","Latin America & Caribbean"
"BS","Bahamas, The",34863.3840497476,11,11.5,33.8,155,119,"High income","Latin America & Caribbean"
"BT","Bhutan",3316.16702210577,3.7,12,35.3,52,89,"Lower middle income","South Asia"
"BW","Botswana",7970.79696800641,0.6,48,25.1,120,87,"Upper middle income","Sub-Saharan Africa"
"BY","Belarus",6839.10383292452,0.5,8.5,53.3,170,49,"Upper middle income","Europe & Central Asia"
"BZ","Belize",5078.80994441772,34.3,48,31.1,147,135,"Upper middle income","Latin America & Caribbean"
"CA","Canada",46326.6726375572,0.3,1.5,24.5,131,23,"High income","North America"
"CD","Congo, Dem. Rep.",580.716860516731,16.3,7,50.7,346,183,"Low income","Sub-Saharan Africa"
"CF","Central African Republic",467.908021751942,127.8,22,73.3,483,184,"Low income","Sub-Saharan Africa"
"CG","Congo, Rep.",2359.17730900034,62.2,49.5,54.3,602,180,"Lower middle income","Sub-Saharan Africa"
"CH","Switzerland",85300.3479700289,2.3,10,28.8,63,36,"High income","Europe & Central Asia"
"CI","Cote d'Ivoire",2276.3323939018,2.7,6,50.1,187,110,"Lower middle income","Sub-Saharan Africa"
"CL","Chile",14741.7144039954,2.7,4,34,296,59,"High income","Latin America & Caribbean"
"CM","Cameroon",1507.44979812212,24.8,13.5,57.7,624,167,"Lower middle income","Sub-Saharan Africa"
"CN","China",10216.6303341031,1.1,8.5,59.2,138,31,"Upper middle income","East Asia & Pacific"
"CO","Colombia",6424.9794924083,14.1,10,71.2,255.5,67,"Upper middle income","Latin America & Caribbean"
"CR","Costa Rica",12669.7060822563,9.6,23,58.3,151,74,"Upper middle income","Latin America & Caribbean"
"CV","Cabo Verde",3603.77524058462,13,9,37.5,180,137,"Lower middle income","Sub-Saharan Africa"
"CY","Cyprus",28288.4615757198,5.6,6,22.4,119.5,54,"High income","Europe & Central Asia"
"CZ","Czech Republic",23490.3984633494,1.1,24.5,46.1,230,41,"High income","Europe & Central Asia"
"DE","Germany",46467.5162023856,6.5,8,48.8,218,22,"High income","Europe & Central Asia"
"DJ","Djibouti",3414.93539272302,39.7,14,37.9,76,112,"Lower middle income","Middle East & North Africa"
"DK","Denmark",60213.0921454746,0.2,3.5,23.8,132,4,"High income","Europe & Central Asia"
"DM","Dominica",8001.99709513435,15.2,12,32.6,117,111,"Upper middle income","Latin America & Caribbean"
"DO","Dominican Republic",8282.11713050921,13.7,16.5,48.8,317,115,"Upper middle income","Latin America & Caribbean"
"DZ","Algeria",3975.5089933335,11.3,18,66.1,265,157,"Upper middle income","Middle East & North Africa"
"EC","Ecuador",6222.52465327248,33,48.5,34.4,664,129,"Upper middle income","Latin America & Caribbean"
"EE","Estonia",23717.7994512337,1,3.5,47.8,50,18,"High income","Europe & Central Asia"
"EG","Egypt, Arab Rep.",3019.09228346646,20.3,12.5,44.4,370,114,"Lower middle income","Middle East & North Africa"
"ES","Spain",29564.7448981723,3.9,12.5,47,143,30,"High income","Europe & Central Asia"
"ET","Ethiopia",855.760885186903,45.4,32,37.7,300,159,"Low income","Sub-Saharan Africa"
"FI","Finland",48711.5642079496,0.7,13,36.6,90,20,"High income","Europe & Central Asia"
"FJ","Fiji",6175.87484121767,14.5,40,32.1,247,102,"Upper middle income","East Asia & Pacific"
"FM","Micronesia, Fed. Sts.",3585.42320162374,141.4,16,60.5,128,158,"Lower middle income","East Asia & Pacific"
"FR","France",40380.0987725432,0.7,4,60.7,139,32,"High income","Europe & Central Asia"
"GA","Gabon",7767.01697942954,13.3,10,47.1,632,169,"Upper middle income","Sub-Saharan Africa"
"GB","United Kingdom",42354.4146545765,0,4.5,30.6,114,8,"High income","Europe & Central Asia"
"GD","Grenada",10815.9113560803,14.4,12,47.8,140,146,"Upper middle income","Latin America & Caribbean"
"GE","Georgia",4697.98365238984,2.1,1,9.9,216,7,"Upper middle income","Europe & Central Asia"
"GH","Ghana",2210.35592258865,12.3,13,55.4,226,118,"Lower middle income","Sub-Saharan Africa"
"GM","Gambia, The",777.815245170251,49.5,8,48.4,326,155,"Low income","Sub-Saharan Africa"
"GN","Guinea",1058.14336817318,33.8,15,69.3,400,156,"Low income","Sub-Saharan Africa"
"GQ","Equatorial Guinea",8419.9333361253,59.1,33,79.4,492,178,"Upper middle income","Sub-Saharan Africa"
"GR","Greece",19150.7861964985,1.5,4,51.9,193,79,"High income","Europe & Central Asia"
"GT","Guatemala",4638.63494319511,17.3,15,35.2,248,96,"Upper middle income","Latin America & Caribbean"
"GW","Guinea-Bissau",749.453747028806,88.8,8.5,45.5,218,174,"Low income","Sub-Saharan Africa"
"GY","Guyana",6609.51043084801,9.4,18,30.6,256,134,"Upper middle income","Latin America & Caribbean"
"HK","Hong Kong SAR, China",48354.473367413,0.5,1.5,21.9,34.5,3,"High income","East Asia & Pacific"
"HN","Honduras",2574.35675105143,28.1,42,39.1,203,133,"Lower middle income","Latin America & Caribbean"
"HR","Croatia",14944.3562248936,6.2,19.5,20.5,206,51,"High income","Europe & Central Asia"
"HT","Haiti",1272.49069871548,179.7,97,42.7,184,179,"Low income","Latin America & Caribbean"
"HU","Hungary",16733.3221691387,4.5,7,37.9,277,52,"High income","Europe & Central Asia"
"ID","Indonesia",4135.20153132694,5.7,12.6,30.1,191,73,"Lower middle income","East Asia & Pacific"
"IE","Ireland",80778.8296145658,0.1,11,26.1,81.5,24,"High income","Europe & Central Asia"
"IL","Israel",43588.713153649,2.7,11,25.3,234,35,"High income","Middle East & North Africa"
"IN","India",2100.75146060783,7.2,17.5,49.7,251.88,63,"Lower middle income","South Asia"
"IQ","Iraq",5658.49226654047,34.2,26.5,30.8,312,172,"Upper middle income","Middle East & North Africa"
"IR","Iran, Islamic Rep.",3114.62275284063,1.1,72.5,44.7,216,127,"Upper middle income","Middle East & North Africa"
"IS","Iceland",68883.1487741776,1.9,11.5,31.9,140,26,"High income","Europe & Central Asia"
"IT","Italy",33566.7873041609,13.8,11,59.1,238,58,"High income","Europe & Central Asia"
"JM","Jamaica",5369.4983713849,4.2,3,35.1,268,71,"Upper middle income","Latin America & Caribbean"
"JO","Jordan",4405.48710929391,23.3,12.5,28.6,96.5,75,"Upper middle income","Middle East & North Africa"
"JP","Japan",40113.0609702277,7.5,11.1,46.7,128.5,29,"High income","East Asia & Pacific"
"KE","Kenya",1816.54712375218,22.4,23,37.2,179.5,56,"Lower middle income","Sub-Saharan Africa"
"KG","Kyrgyz Republic",1374.03113639092,1.4,10,29,220,80,"Lower middle income","Europe & Central Asia"
"KH","Cambodia",1643.12138876475,53.4,99,23.1,173,144,"Lower middle income","East Asia & Pacific"
"KI","Kiribati",1655.05069337521,34.9,31,32.7,168,164,"Lower middle income","East Asia & Pacific"
"KM","Comoros",1370.14012347374,54.2,16,219.6,100,160,"Lower middle income","Sub-Saharan Africa"
"KN","St. Kitts and Nevis",19773.4623748176,6.2,18.5,49.7,203,139,"High income","Latin America & Caribbean"
"KR","Korea, Rep.",31846.2182324258,14.6,8,33.2,174,5,"High income","East Asia & Pacific"
"KW","Kuwait",32373.2511149607,1.7,19.4,13,98,83,"High income","Middle East & North Africa"
"KZ","Kazakhstan",9812.5958082732,0.2,5,28.4,186,25,"Upper middle income","Europe & Central Asia"
"LA","Lao PDR",2544.95255026876,4.6,173,24.1,362,154,"Lower middle income","East Asia & Pacific"
"LB","Lebanon",7583.69914645363,42.3,15,32.2,181,143,"Upper middle income","Middle East & North Africa"
"LC","St. Lucia",11611.0978398185,17,11,34.7,110,93,"Upper middle income","Latin America & Caribbean"
"LK","Sri Lanka",3851.56098951535,8.7,8,55.2,129,99,"Upper middle income","South Asia"
"LR","Liberia",621.892953622715,6.3,18,46.2,139.5,175,"Low income","Sub-Saharan Africa"
"LS","Lesotho",1113.37214033581,6.1,15,13.6,327,122,"Lower middle income","Sub-Saharan Africa"
"LT","Lithuania",19555.2110652539,0.5,5.5,42.6,95,11,"High income","Europe & Central Asia"
"LU","Luxembourg",114685.168424149,1.6,16.5,20.4,55,72,"High income","Europe & Central Asia"
"LV","Latvia",17794.4786167812,1.5,5.5,38.1,168.5,19,"High income","Europe & Central Asia"
"LY","Libya",7685.94813248318,24.6,35,32.6,889,186,"Upper middle income","Middle East & North Africa"
"MA","Morocco",3230.40972230151,3.6,9,45.8,155,53,"Lower middle income","Middle East & North Africa"
"MD","Moldova",4494.01840306454,4,4,38.7,183,48,"Lower middle income","Europe & Central Asia"
"ME","Montenegro",8910.65155409448,1.2,12,22.2,300,50,"Upper middle income","Europe & Central Asia"
"MG","Madagascar",526.224572187396,30.2,8,38.3,183,161,"Low income","Sub-Saharan Africa"
"MH","Marshall Islands",4073.10982973584,12.9,17,65.9,56,153,"Upper middle income","East Asia & Pacific"
"MK","North Macedonia",6022.24098997419,3.1,15,13,119,17,"Upper middle income","Europe & Central Asia"
"ML","Mali",879.122775162059,55.1,11,54.5,276,148,"Low income","Sub-Saharan Africa"
"MM","Myanmar",1477.35536778794,13.3,7,31.2,282,165,"Lower middle income","East Asia & Pacific"
"MN","Mongolia",4339.84462487314,1.2,12,25.7,134,81,"Lower middle income","East Asia & Pacific"
"MR","Mauritania",1679.44260484157,15.8,6,67,270,152,"Lower middle income","Sub-Saharan Africa"
"MT","Malta",30186.1959621979,6.7,20.5,44,139,88,"High income","Middle East & North Africa"
"MU","Mauritius",11097.5869332309,0.8,4.5,22.2,140,13,"Upper middle income","Sub-Saharan Africa"
"MV","Maldives",10626.4333466909,4.1,12,30.2,390.5,147,"Upper middle income","South Asia"
"MW","Malawi",583.110203584039,32.6,37,34.5,169,109,"Low income","Sub-Saharan Africa"
"MX","Mexico",9946.03382879198,15.2,8.4,55.1,240.5,60,"Upper middle income","Latin America & Caribbean"
"MY","Malaysia",11414.2026894664,11.1,17.5,38.7,174,12,"Upper middle income","East Asia & Pacific"
"MZ","Mozambique",503.57065659174,106.9,17,36.1,200,138,"Low income","Sub-Saharan Africa"
"NA","Namibia",5037.34262919263,8.9,54,20.7,302,104,"Upper middle income","Sub-Saharan Africa"
"NE","Niger",553.894955335826,7.9,10,47.2,270,132,"Low income","Sub-Saharan Africa"
"NG","Nigeria",2229.8586518613,26.1,7.2,34.8,343.365,131,"Lower middle income","Sub-Saharan Africa"
"NI","Nicaragua",1926.69969398276,65.7,14,60.6,201,142,"Lower middle income","Latin America & Caribbean"
"NL","Netherlands",52295.0390498713,4,3.5,41.2,119,42,"High income","Europe & Central Asia"
"NO","Norway",75826.0818834173,0.8,4,36.2,79,9,"High income","Europe & Central Asia"
"NP","Nepal",1194.95687572575,20.2,22.5,41.8,377,94,"Low income","South Asia"
"NZ","New Zealand",41999.3682892979,0.2,0.5,34.6,140,1,"High income","East Asia & Pacific"
"OM","Oman",15343.0435000855,3.1,4.3,27.4,68,68,"High income","Middle East & North Africa"
"PA","Panama",15727.9744915741,5.8,6,37.2,408,86,"High income","Latin America & Caribbean"
"PE","Peru",7027.61220697723,9.4,26,36.8,260,76,"Upper middle income","Latin America & Caribbean"
"PG","Papua New Guinea",2829.16708525376,18.6,41,37.1,207,120,"Lower middle income","East Asia & Pacific"
"PH","Philippines",3485.3408438977,23.3,33,43.1,171,95,"Lower middle income","East Asia & Pacific"
"PK","Pakistan",1284.70204683255,6.7,16.5,33.9,283,108,"Lower middle income","South Asia"
"PL","Poland",15694.8408238857,11.6,37,40.8,334,40,"High income","Europe & Central Asia"
"PR","Puerto Rico",32850.5486123592,1.2,5.5,64.4,218,65,"High income","Latin America & Caribbean"
"PS","West Bank and Gaza",3656.85827137011,40.3,43.5,15.3,174,117,"Lower middle income","Middle East & North Africa"
"PT","Portugal",23284.5272329002,1.9,6.5,39.8,243,39,"High income","Europe & Central Asia"
"PW","Palau",14907.777345703,2.2,28,76.6,52,145,"High income","East Asia & Pacific"
"PY","Paraguay",5380.9633218413,52.2,35,35,378,125,"Upper middle income","Latin America & Caribbean"
"QA","Qatar",62087.9741348946,6.3,8.7,11.3,41,77,"High income","Middle East & North Africa"
"RO","Romania",12889.8096111492,0.3,20,20,163,55,"Upper middle income","Europe & Central Asia"
"RS","Serbia",7411.55864879005,2.3,7,36.6,225.5,44,"Upper middle income","Europe & Central Asia"
"RU","Russian Federation",11497.6492498593,1,10.1,46.2,159,28,"Upper middle income","Europe & Central Asia"
"RW","Rwanda",820.149288558594,0,4,33.2,90.5,38,"Low income","Sub-Saharan Africa"
"SA","Saudi Arabia",23139.7979808237,5.4,10.4,15.7,104,62,"High income","Middle East & North Africa"
"SB","Solomon Islands",2344.23163406448,27.4,9,32,80,136,"Lower middle income","East Asia & Pacific"
"SC","Seychelles",16198.5174764957,12.5,32,30.1,85,100,"High income","Sub-Saharan Africa"
"SD","Sudan",753.282174142999,17.8,34.5,45.4,180,171,"Lower middle income","Sub-Saharan Africa"
"SE","Sweden",51686.8513545938,0.5,7.5,49.1,122,10,"High income","Europe & Central Asia"
"SG","Singapore",65640.7079484985,0.4,1.5,21,64,2,"High income","East Asia & Pacific"
"SI","Slovenia",25940.728030936,0,8,31,233,37,"High income","Europe & Central Asia"
"SK","Slovak Republic",19273.2539541229,1,21.5,49.7,192,45,"High income","Europe & Central Asia"
"SL","Sierra Leone",527.534174544671,7.6,8,30.7,343,163,"Low income","Sub-Saharan Africa"
"SM","San Marino",47731.2085399347,8.8,11.5,36.2,52,92,"High income","Europe & Central Asia"
"SN","Senegal",1430.14825900162,22.6,6,44.8,416,123,"Lower middle income","Sub-Saharan Africa"
"SR","Suriname",7261.16560953824,93.5,66,27.9,199,162,"Upper middle income","Latin America & Caribbean"
"ST","Sao Tome and Principe",1987.57970166818,12.4,7,37,424,170,"Lower middle income","Sub-Saharan Africa"
"SV","El Salvador",4167.73093878563,43.3,16.5,36.4,168,91,"Lower middle income","Latin America & Caribbean"
"SZ","Eswatini",3894.66963029858,10.7,21.5,35.8,122,121,"Lower middle income","Sub-Saharan Africa"
"TD","Chad",709.54004317463,169.3,58,63.5,834,182,"Low income","Sub-Saharan Africa"
"TG","Togo",893.352454121675,8.1,2.5,48.2,159,97,"Low income","Sub-Saharan Africa"
"TH","Thailand",7817.01152157855,3,6,29.5,229,21,"Upper middle income","East Asia & Pacific"
"TJ","Tajikistan",890.544402355733,17.5,7,67.3,224,106,"Low income","Europe & Central Asia"
"TL","Timor-Leste",1560.50861482306,0.7,13,17.3,234,181,"Lower middle income","East Asia & Pacific"
"TN","Tunisia",3351.57344330192,2.9,9,60.7,144,78,"Lower middle income","Middle East & North Africa"
"TO","Tonga",4903.01213835449,6,16,27.5,200,103,"Upper middle income","East Asia & Pacific"
"TR","Turkey",9126.59439195453,6,7,42.3,170,33,"Upper middle income","Europe & Central Asia"
"TT","Trinidad and Tobago",16637.1629387697,0.7,10.5,40.5,210,105,"High income","Latin America & Caribbean"
"TZ","Tanzania",1085.88486100047,40.6,29.5,43.8,207,141,"Low income","Sub-Saharan Africa"
"UA","Ukraine",3662.56308679667,0.5,6.5,45.2,327.5,64,"Lower middle income","Europe & Central Asia"
"UG","Uganda",794.451445432797,40.5,24,33.7,195,116,"Low income","Sub-Saharan Africa"
"US","United States",65279.5290260953,1,4.2,36.6,175,6,"High income","North America"
"UY","Uruguay",17688.01500769,24.1,6.5,41.8,163,101,"High income","Latin America & Caribbean"
"UZ","Uzbekistan",1719.05721009222,2.2,3,31.6,181,69,"Lower middle income","Europe & Central Asia"
"VC","St. Vincent and the Grenadines",7457.23977574095,13.9,10,37,108,130,"Upper middle income","Latin America & Caribbean"
"VN","Vietnam",2715.27598010995,5.6,16,37.6,384,70,"Lower middle income","East Asia & Pacific"
"VU","Vanuatu",3102.34678986227,42.5,18,8.5,120,107,"Lower middle income","East Asia & Pacific"
"WS","Samoa",4324.10177421565,6.9,9,19.3,224,98,"Upper middle income","East Asia & Pacific"
"XK","Kosovo",4445.89070247935,1.4,4.5,15.2,153.5,57,"Upper middle income","Europe & Central Asia"
"ZA","South Africa",6001.4011214068,0.2,40,29.2,210,84,"Upper middle income","Sub-Saharan Africa"
"ZM","Zambia",1305.00221354087,34,8.5,15.6,158,85,"Lower middle income","Sub-Saharan Africa"
"ZW","Zimbabwe",1156.15486360139,76.6,27,31.6,242,140,"Lower middle income","Sub-Saharan Africa"
